ra,dec,sp_type,flux
343.4173175875,44.74916024166667,"A3Vm",5.94
203.61358305917582,49.015971971378896,"A4V",4.7
199.56045638015996,49.68206366796001,"B9IV(Si)",5.15
284.68076131022,-37.10732798126,"F4VFe-0.8+",4.85
97.16351469504,-32.371277756919994,,5.89
28.989415693558758,-51.60887759053111,"G8IIIbCNIV",3.71
41.23992263824,12.44575607307,"A7III",5.17
264.23789294864787,68.75796709276833,"F4V",4.77
317.1620405807,30.205635529180004,"B9VspSi",5.71
141.36347590354,-61.95047812001,"A4V",5.77
34.506013818715424,1.7578120801391666,"G1V",5.59
94.31720709652,5.099973540430001,"G0V",5.7
275.2373759792,29.858923172179992,"kA3mA7+A9V",5.6
155.54400785599,41.22953047179,"F7V",5.72
230.84454829999999,-59.32048580000001,"F8V",5.59
67.64013589133,16.194013804560004,"A6IV",4.764
213.915300294925,19.1824091615312,"K1.5IIIFe-0.5",-0.05
279.234734787025,38.783688956244,"A0V",0.03
355.10211557957956,44.33393296378723,"B9IVn",4.14
14.17721289375,60.71674002472222,"B0.5IVpe",2.39
256.3342110487,54.47063197171,"F6V",5.69
180.40833333333333,36.04388888888889,"K1III",5.59
51.99546621374,49.01952829638001,,4.989
44.80302418005,21.340427382609995,"A2IV",5.16
193.34122680427998,-60.32848919842,"B9Iab",5.77
230.8009619,30.2882117,"G2V",5.577
191.56999562079372,-68.10809998944583,"B2V",3.55
311.5836158138,-39.1992663807,"B8/9V",5.47
312.75315902447994,-37.91333116413999,"K3III",5.5
278.00810174593,-45.757379180150004,"B3IV/V",5.07
289.09059235549,-45.466028905849996,"K3III",5.371
276.74340176679584,-45.968457754716674,"B3IV",3.463
277.93930501234036,-45.91481250026611,"B5/7",4.92
277.48308912069,-47.22054166451,"K2III",5.679
282.36393043726,-45.81010002503,"G8III",5.798
290.80473985061576,-44.79977880009028,"F2/3V",4.27
257.67633011433,-44.55769775834,"G8/K0III+G",5.08
245.62111454167996,-43.9120551456,"G3II",5.915
244.8235275179167,-42.673972607222225,"A3V",5.44
313.4174390923,-39.80986368227,"K2III",5.334
227.53051955453998,-38.79250997173,"G6III",5.978
305.6145927403999,-42.04956200232,"A0V",5.59
300.20134900145,-45.11292331023,"F0/2IV",5.781
276.72505744381,-48.11723995121,"K0/1III+F/G",5.446
293.8041097609399,-48.0991990457,"K0III",4.879
279.80955370896,-47.90976444460001,"A7IV/V",5.84
286.73169573464,-48.299144314370004,"A0V",5.951
262.9603813675,-49.87614501138889,"B2Vne",2.95
243.81382400228,-47.37201987805,"B8V",5.124
247.42636572726997,-46.24323081461001,"B2Iab",5.37
230.34297427253,-40.64753036915,"B1.5IV",3.19
226.32985371846,-41.067237088960006,"G8III",5.127
316.60633258949,-41.38596449331,"K3III",5.505
220.48996060458245,-37.79349450012777,"B2.5V",4.0
227.05051614875,-40.58393206034,"B8IVSi",5.79
308.47946905274,-44.516045619100005,"K0III",5.118
234.05041395146003,-44.3968262751,"K4/5III",5.434
229.01674599708997,-41.49116569804,"A/F",5.171
261.50017970203,-50.63350661627,"G8III",5.193
283.16518737220997,-52.10736978301,"G8/K0III",5.173
261.99000553607993,-52.29714302850999,"K2III",5.723
297.5585816268899,-47.55738927077,"M1III",5.895
250.41760905926003,-49.65155234261999,"B1Iab/Ib",5.68
245.61664827467877,-49.572352378579446,"B3V",5.318
244.96009294998038,-50.15550599744805,"K0III",4.02
321.1034081629167,-41.006695371944446,"ApSi",5.775
323.0244829839,-41.17931007454,"K0III",5.286
217.79516464925996,-38.86971100555,"K1III",5.983
228.20661466393122,-44.50041400716694,"B3IV/V",4.806
219.18388438146,-40.21158230212,"B8V",5.736
227.16332510107998,-42.86792290517,"B5/7V",5.82
264.52298079539,-54.50043389668001,"A5IV/V",5.242
255.78647331191996,-53.23693600877001,"F5VFe+0.5",5.278
255.02616372179,-54.597177028,"A5IV/V",5.633
293.22426626507,-53.18561522325,"Fm_dD",5.744
274.2813851056508,-56.02334932875639,"B3IIIe",5.36
290.71335865609,-54.42392933816,"A0V",5.02
237.48957601953003,-48.91240454570001,"A1V",5.837
228.97363835704996,-48.07368529812,"A2IIIs",5.958
298.15717153926,-54.9710277709,"G8/K0III",5.705
303.57927190612,-52.44576536878,"K4III",5.632
323.34797822867,-44.84870535228,"K1III",5.563
301.84648944839,-52.880792784149996,"K5III",4.94
261.3485804629167,-56.37772632638889,"B1Ib",3.34
254.65505223357658,-55.9901388628425,"K3III",3.076
253.50150216665,-57.909511535049994,"M1III",5.905
266.23276926307,-57.54554024487,"G8III",5.964
243.34457461515,-55.54094743015,"F2IV/V",5.772
226.85812567253,-49.0886080396,"G8III",5.766
227.99031402228997,-48.74368566297,"A3/5V",5.498
217.53595288505997,-45.32135607256,"B8V",5.5
219.07929592109997,-46.24545086947,"K3III",5.55
219.33398637083334,-46.1334391875,"G8III",5.431
213.67775133692,-41.83749213378,"G8III",5.613
311.00972491813707,-51.92097035308806,"A9IV",4.495
251.58844118041,-58.50359540406,"B2III/IV",5.728
247.06316576065,-58.59979409052999,"B9II/III",5.673
261.07831836711,-60.673797339690005,"B8Ib/II",5.754
259.80211464702,-59.69461171441,"K2IIIaCN1Ca1Ba0.5",5.894
275.80682218129,-61.49391192172,"K4III",4.367
242.32728185147002,-57.934319113460006,"B9.5V",5.57
243.95748958623997,-57.91234940875,"A3III",5.622
215.17742367133,-45.18705767494,"F0IV",4.77
216.80064229909996,-46.13419376274,"A1mA5/7-F2",5.811
214.85092150390665,-46.05809425901695,"B2.5IV",3.529
219.471775669755,-49.4258282866625,"B3/4V",4.05
228.07123134275705,-52.099248703500834,"G8III",3.41
300.43643574219703,-59.37589630433693,"M6III",5.13
316.30936971738,-54.72704155633,"K2III",5.163
220.4823157775,-47.38819874611111,"B1.5III",2.286
283.0543076300271,-62.18759092175556,"B2Ve",4.207
318.9410960714399,-53.26308879193,"A3V(m)",5.719
299.27628828806996,-58.90135170707,"B9.5IV",5.241
247.70566478710003,-61.63350575328,"K1IIb",5.182
261.00448139791996,-62.864153984379996,"B2III",5.676
308.89520861537994,-60.58174912319,"F0V",4.745
224.07187955192,-52.80955114484,"A1IV/V",5.386
281.3620874193479,-64.87125966888472,"A7V",4.767
280.90557325364,-64.55142514883,"K0III",5.757
310.01098950373074,-60.54889405339195,"G0VFe-0.8CH-0.5",5.121
207.37615211559708,-41.68770852979139,"B2V",3.386
248.93675436895998,-65.495399624,"G8/K0III",5.5
243.85946160941205,-63.68568150484638,"G2Ib-IIa",3.839
215.9524188285,-53.17624427804001,"K1III",5.993
300.46859067404,-66.94396434758,"K2IVCNII",5.331
212.39596873504,-51.50467574705,"B8V",5.961
229.41205445473997,-63.61046753678,"K2III",4.849
207.94673136308998,-46.8986665852,"B2III",5.752
204.27504599667998,-44.14320258488,"G8/K0III",5.957
251.66663166748998,-67.10969037,"ApSi",5.1
292.79571140865994,-68.43392024132,"K4/5III",5.961
223.89399859557997,-60.11416535219,"K2III",5.18
206.66407966580374,-51.43275733387334,"G8/K0III",4.632
206.91057903913998,-50.32068841778,"K2III",5.446
209.82285003298,-50.369647819709996,"G8/K0III",5.927
212.47839265528,-53.43894579245,"G9-III",4.736
213.31837715847,-53.66565920667,"K5III",5.575
280.75890139645867,-71.42811561050279,"K0III",4.003
227.37464344722997,-67.08413478494,"F5Ib",5.757
238.87333204507,-68.60300094629,"G5Ib-II",5.097
231.56134923957998,-68.30916661049,"G8/K0III",5.892
248.58060907774,-70.98810222137,"K0.5IIbCN1",5.489
310.48781888676996,-66.76068071647,"B9III",5.134
299.67204454928,-69.16395565047,"A1mA5-F2",5.724
221.32223566055,-62.87564938991,"A9III/IV",5.36
317.13623067619,-63.92825956517,"K0III",5.75
208.42955614076,-53.3733212081,"B4III",5.873
208.02025959959,-52.81152953918,"B8V",5.257
202.35522611598998,-51.16513152620999,"A1V",5.03
275.90186973745,-75.04427706908,"A0V",5.456
199.3080464675,-43.97949850898999,"A2mA4-A9/F0",5.803
297.35542879469,-72.50337812377,"A4IV",5.392
200.2404185276,-46.88000773587001,"K1III",5.742
327.50051638878,-64.71253772291,"K0III",5.62
312.3257146436,-68.77652112814,"K0III",5.407
216.77952760988998,-65.8216469733,"K3III",5.828
300.14813137628624,-72.9105035987675,"A0Va",3.94
241.48258036902,-72.4009007853,"K1.5IIICN1",5.685
222.18562482330998,-66.5935617895,"B2V",5.88
205.50451787639997,-58.78708771881001,"B9III",5.372
196.5695986005133,-48.46329070242833,"B4V",4.691
340.20382124931,-57.42231911624,"K3III",5.967
344.19916791336993,-47.96922040331,"A4mA5-F2",5.714
347.5897011042054,-45.246709468953334,"K1III",3.877
345.28157700515,-50.95002840957001,"K3III",5.672
200.15760563227,-52.74782482484,"B5III/IV",5.443
210.2185195913,-66.26891105132,"F2III",5.948
318.33543419187,-70.12625470991,"M1/2III",5.071
235.47786691448,-76.08196439475,"B9V",5.941
209.41201490412996,-63.68669831684,"K1.5IIIb:",4.701
205.04461564139,-64.5765533173,"F2III/IV",5.785
310.51244691374,-76.18059206011,"F6II/III",5.977
345.22003148243,-52.75411085788,"K1IIIFe-1.2CN-0.5",4.115
327.69656301654993,-69.62937402654,"K2/3III",5.505
224.47076466101,-76.66265469388,"K4III:",5.359
195.88877129561996,-49.52726358175,"A0V",4.826
208.70462658174998,-67.65210149016,"K2III",5.705
207.94764232500998,-69.40125802555,"K5/M0III",5.727
277.33309984576,-80.23270700495,"K2III",5.946
248.3628438138967,-78.89714816863112,"G8III",3.854
198.56310307495997,-59.10323722999001,"F6VFe-0.4",4.93
200.65805458993415,-60.988380600585835,"B3V",4.509
193.6484344215275,-57.17792469914083,"B2IV-V",4.04
193.65368399564,-57.16866497733,"B5Vne",5.2
193.98805677119,-56.83580571397,"O8.5Iab(f)p",5.32
198.55036185907997,-58.68393906976,"K0/1III",5.9
351.05525322647,-51.89117334304,"M0III",5.731
349.35731852264,-58.23570137616001,"F4V",3.98
190.34576982193997,-46.145583339519995,"K3/5III",5.816
194.26813093588,-51.198753582100004,"B2IV",5.159
215.59663816720376,-80.10895512187277,"B3V",5.052
351.6523374979,-52.72157763741,"F4V",5.522
308.32348585807995,-80.96488734688,"G6/8II",5.767
349.24036453178,-62.00119779668,"F6V",5.647
309.57752648651,-81.28906281193,"K5III",5.889
198.20334483117,-66.22674880629,"A0V(n)",5.897
197.96433664569997,-69.94201586432,"F3IV/V",5.906
192.82490011152998,-60.32978899114,"B9.5Iab",5.72
191.40854861858,-60.98132118807,"K0III",4.686
187.00992548273499,-50.23063797449278,"B2V",3.91
189.42568374919998,-48.54130535928,"A1IVnn",3.86
190.78824425268996,-56.17622729189,"B7/8V",5.982
191.59464352716373,-56.488815491873886,"B2/3V",4.62
191.9302865619529,-59.68877199622606,"B1IV",1.25
351.33110321091,-56.84898376169,"K0III",5.597
235.82053478035,-84.46527466544,"A1/2V",5.568
335.0070025958396,-80.43974713422168,"M5III",5.177
351.81246972213,-58.47610856853001,"G8III",5.636
334.4608143113899,-77.51155520419,"F0IIp",5.472
352.25408981369,-63.11065544292,"ApSi",5.68
354.4624767675046,-45.49235208473639,"A1/2V",4.74
225.46165949948997,-83.22764730636,"G8/K0III",5.641
214.55789958255997,-81.00775849839,"A2mA7-F2",4.889
226.19551355932998,-83.03831097558,"G8Ib",5.645
192.43733405683997,-71.98624146881,"G7IIIBa1",5.543
227.7866339172,-84.78778597856,"B9.5V",5.866
201.27966206892998,-74.8878194833,"K0III",5.04
194.13203790675,-72.18521306953,"G8III",5.928
189.29590786916668,-69.1355647886111,"B2IV",2.649
190.70944315516,-63.05862582817001,"B0.5IVpe",5.31
187.79149837560794,-57.11321345705891,"M3.5III",1.64
186.63233351866413,-51.45063581013528,"B3V(n)",4.808
359.73241451497995,-52.74580625634001,"K0III",5.133
187.47582964827998,-56.524937631060006,"M1III",5.776
185.48928179755998,-56.37438487446,"K4III+(F)",5.884
356.81665175693,-50.22645888409,"B3V",5.166
359.39616103627,-64.29822981874,"A1V",4.989
184.58676960730585,-79.31223407416667,"B4V",4.229
205.23118061035,-85.78604226753,"A2mA5-A8",5.555
337.90631318556,-85.96725290015,"K0III",5.752
359.38692394875,-82.16980824557,"K0III",5.724
181.19362846858,-76.51906248099,"K4III",5.024
188.0415655308,-73.00105682373,"K1III",5.874
356.17026910691993,-78.79144057673,"K1III",5.738
283.69641925078,-87.60584331391,"K3III",5.278
358.02697159435,-82.01882321865,"G6/8III",5.106
353.33157876757,-77.38533181828,"G2IV-V",5.806
180.65705247079998,-69.19228861704,"B9V",5.876
181.95781550547997,-75.36701805811,"K2II/III",5.165
181.72040893237084,-64.61373070048556,"F2V",4.136
181.08008365342997,-63.165699073649996,"B3V",4.716
183.09158275375998,-62.950773878670006,"B8Ia/ab",5.98
0.26909537663,-48.80987438889,"G6/8III",5.698
0.33382952730000004,-50.33737026277001,"M2III",5.524
183.78632699611498,-58.748924076838335,"B2IV",2.752
2.3526670558199996,-45.74742390816,"K0III",3.87
5.16267594946,-69.62491873970001,"B9V",5.499
3.3317578318300005,-84.99397718198,"M0/1III",5.77
2.50905204359,-82.22404708058,"K1/2III",5.283
0.39874771198458336,-77.06572535204721,"K3III",4.783
174.873192067665,-65.3978054020789,"G5/8IIIp+A0/1V",5.095
177.06056292066,-66.81490961192,"K4III",4.728
174.45157597618,-67.6203789046,"K0III",5.929
1.17211640081,-71.43689009672,"B8IV/V",5.585
177.48589755951,-70.2257891191,"G6Ib",4.964
175.22347411844,-62.090101521689995,"G3Ib",4.92
175.87996798503,-62.48939643496,"G0_0-IaFe1",5.03
178.75004930309,-63.27918076311,"A2Ib",5.96
177.42111389338,-63.788472407499995,"B3V",4.308
179.56343684517,-56.31731203548,"B8III",5.436
178.04283138144,-56.9877416838,"A2V",5.559
176.82975515125,-57.6965007079,"K5III",5.407
8.182939060709998,-63.031500563600005,"A0V",5.09
7.886116900947914,-62.95821745653945,"B9.5Va",4.289
13.75129619949,-69.52708463953,"K2III",5.454
10.618216175280002,-65.46802960324,"F6V",5.381
177.78621333642,-45.17346991659001,"K3III",4.46
12.14757078139,-74.92343527945,"K4III",5.083
134.17073217377,-85.66315211796,"A8/9IV",5.419
150.1824738481,-82.21467012867,"A0IV",5.52
160.46466843894,-79.78328811002,"B5III",5.969
171.04636313613,-72.2566080797,"B2V",5.583
161.44585968076748,-80.54018818094444,"B3V",4.433
143.47239735339753,-80.94125796664918,"B4IV",5.059
24.48148621379,-82.9749962927,"G1V",5.87
173.08331707619,-66.96182342981,"K1IIICNIb/II",5.881
174.0931859676,-61.05243374601,"B3IV",5.819
173.94532537821,-63.01983499360999,"B9III",3.14
175.17700326486,-53.96860651696,"M1III",5.94
176.43320070931,-45.690133643530004,"B6III",5.271
7.608596955460002,-48.21482096602,"F2V",5.664
8.92156445206,-48.00090693428,"F5V+",5.51
10.838375515474167,-57.46306349829973,"A0IV",4.361
13.40782389718,-62.871359870090004,"M4III",5.748
173.98160379798,-47.64163993519,"F0V",5.252
174.39165521197,-47.74729808688,"K2III",5.456
146.58596371018,-76.77611876991,"G8III",5.44
65.24196711183,-81.57992190047,"F0/2III",5.764
74.71236283795,-82.47051585752,"G8/K0III",5.828
46.88400999708,-78.98923274596,"F0III",5.667
37.91884605508001,-79.10941608214,"G8III",5.275
131.47978591725,-79.504373776,"K5III",5.77
156.0987730314175,-74.0316110835011,"F3V",4.01
166.63511032196,-62.42411405976001,"G7.5III",4.606
167.147453191,-58.975038633492225,"G5_0-Ia",3.83
168.15005513891,-60.31762630127,"A5Iae:",4.62
168.3782605063,-59.61931742231,"B2III",5.74
9.96645883024,-44.79629201011001,"K1IIICNII",5.998
10.331547459460834,-46.08498136327806,"G8III",4.59
173.80534309151,-47.372579094939994,"M3/4III",5.675
64.49695747213,-80.21403189826,"K2/3III+A",5.68
87.56994058245,-79.36136108773,"B9V",5.451
104.14364309959001,-79.42019215656,"B9.5/A0III/IV",5.449
48.99027386037,-77.38845401698,"F5IV-V",5.506
171.6969395595833,-53.15991619333333,"K0III",5.806
111.40874478516,-79.09419105881,"K2/3III",5.522
21.272110744589998,-64.3694760649,"K5III",5.9
35.7179553982,-73.64579243407,"K1III",5.987
12.671609824219997,-50.98681727811,"F3III",5.225
28.733881019829997,-67.64730317084,"G8IIIb",4.685
153.43425247860876,-70.0379064474,"B7III",3.33
155.74227742060336,-66.90149599916556,"B8V",4.99
139.3648732786,-74.73459027637,"A0V",5.857
125.16057952578583,-77.48447920000307,"K2IIIbCN0.5",4.337
161.62328393396,-64.26323713286,"B6-7V",5.229
160.96330875093,-64.24904188817,"B3IV/V",5.748
160.0476977282,-65.10020905752,"ApSi",5.52
160.88453953976,-60.566620770969166,"K4III",4.545
160.669026899,-59.21575841698999,"B2.5Ia",5.51
163.82175750963,-60.5170011018,"K0III",5.92
168.41413843323,-53.23181499985,"K2III",5.74
33.86927389828,-67.74636331948,"K2III",5.658
35.43725985508,-68.65941858958,"A2V",4.09
136.4098972987,-70.53849835625,"B3III",4.652
168.13776824163,-49.10099772866001,"A3IV/V",5.367
136.286721332445,-72.60270255847888,"F8II+DA",4.467
154.27073140194167,-61.33230464139612,"K2.5II",3.35
152.17813053555,-65.81547674803,"K0III",5.258
159.3627838715,-58.73333781697,"A0Ia",5.45
159.74841783106,-58.81685400282,"M1III",5.979
159.08549755222,-59.56439383739,"K1III",5.088
158.89707441662253,-57.557633601364444,"K3II-IIb",4.43
156.96970738780956,-58.73940617500779,"F2II",3.81
159.51100985302,-57.25630270791,"B3IV",5.876
16.520997989851963,-46.71841069311463,"G8III",3.3
125.00219802259001,-71.50537824201,"B9/A0IV",5.608
15.704957052740001,-46.39730926945,"G8III",5.387
164.28269561121,-50.76501688632,"A4V",5.898
159.82663558023043,-55.603267978415836,"G5IIa",4.267
115.45524596810628,-72.60609911449887,"G9IIIb",3.944
166.13000375237,-47.679104338319995,"A8III/IV",5.668
39.897340197639586,-68.26694668466418,"B9Va",4.096
51.40105322285001,-69.33643439274,"F5V",5.946
147.73159317525,-62.745117066549994,"K1IIICNII",5.56
142.12722044984,-66.70187828277,"A0V",5.886
135.28547503217,-68.68391931951,"M1III",5.87
152.94358165134,-58.060544086789996,"B5Vne",5.75
154.90313630390168,-55.02930532998111,"K2.5II",4.543
156.7038394767,-54.87730634236,"K3II/III",5.546
161.69239624144333,-49.420259938983605,"G6III",2.69
44.69915159969,-64.07128716789,"A3/5III(m)",4.969
26.52609583282,-53.52203570208,"A1V",5.033
22.81293372607833,-49.07270281348056,"G8.5IIIb",3.935
36.224624916020005,-60.31194805567001,"F2II/III",5.355
42.25619705806,-62.8065219516,"A2V",5.253
41.36448967439,-63.70455345717,"G8III/IV",5.743
70.76651768172,-70.93102624174,"B8II/III(pSi)",5.511
75.67915861723,-71.3142991719,"G8III",5.294
132.64506724154,-66.79298305819,"F5IV",5.329
135.61165018301915,-66.39607456495057,"kA3hA5mA5V",3.99
137.81967506322877,-62.31697773412389,"B3V",3.943
140.23672112808,-62.40463362653,"G6III",4.8
147.80031422088,-59.42577680110999,"K2IIICNIV/Vp",5.778
102.86243819417,-70.96341039675,"B7III",5.395
144.8375470052871,-61.32804977268306,"B9IV/V",4.498
145.17734272581,-57.983509247490005,"A3IV",5.307
143.61104506125,-59.229751953055555,"B5II",4.09
158.23691997653,-47.00335120998,"K1/2III",5.027
159.32562683256418,-48.225666185895,"kA5hF0VpSr",3.84
34.976131442059994,-55.94479699168,"K5III",5.794
56.04992267531208,-64.80691413207694,"K2-IIIb",3.833
49.44234772895417,-62.575320126845554,"G2.5VHdel1",5.54
78.43939878111,-67.185258274,"K2+III",4.801
109.20759145422502,-67.95715267864945,"F8Ib/II",3.99
95.65948232394,-69.98404457966,"K5III",5.542
92.18442410118668,-68.8434117732975,"B8V",5.038
133.45273747942,-60.353908505860005,"B4V",5.768
145.25920123857,-57.25951726987,"K0/1III",5.794
138.23179552721,-59.41392900649999,"G5III",5.532
124.57836195036,-65.61319220956,"K1III",5.056
129.32847167108,-62.85346472059,"K0III",5.456
153.34518391888,-51.23296958441001,"F0IV",5.265
145.92597708829,-53.89128179928999,"A0IV",5.544
157.98931887604,-45.066717792030005,"B8/A0",5.668
155.06964818808,-47.69909049989,"K5/M0III",5.614
158.14003976175,-44.61850559128,"G6/8III",5.903
59.68645392653709,-61.40018563363832,"M1.5III",4.57
45.90341158317,-59.737774591039994,"F0III/IV",5.122
152.23433169975752,-51.81126175603361,"B3III/IV",4.845
28.411413800361665,-46.3026692717061,"M4III",4.41
34.12744204857083,-51.512165163000276,"B8IV",3.57
29.29199839228,-47.38527975927,"G6III-IIIb",4.834
63.60612501835416,-62.47380348899389,"G8IIIa:",3.36
92.81242353741,-65.58941802255,"M2.5III",5.01
120.08319077859417,-63.567454832875555,"B4V",4.806
86.19320831979958,-65.73549809975806,"A7V",4.36
139.05030238076836,-57.54147113833555,"M0.5IIIa",4.318
138.57496040729,-55.56962984123,"G8II/III",5.254
148.45874551524,-51.14670998085,"B2.5III",5.932
30.426568120110005,-44.71350731516,"K5IV",5.14
39.351452616639996,-52.54310890289,"A6V",5.293
28.591799646709998,-42.49692837251,"A3V",5.109
153.88149553358,-43.11236982537,"K4III",5.561
68.39145558017,-62.82367692086999,"K1III",5.78
76.89177858747,-63.39967982294,"M3III",5.205
66.94178688985,-62.521203131469996,"K0III",5.735
66.27223723592,-61.23819205574999,"K4/5III",5.922
60.325629197820824,-61.078822923806115,"K4III",4.956
83.24819047703375,-64.22751491597833,"G8/K0III",5.341
48.1381662957,-57.321549230420004,"C-N5IIIb:",5.71
91.76419462242,-62.15456934428,"K2/3III",5.041
128.83210465488,-58.00923685542,"K0III",4.847
128.81481369363,-58.22473898685,"B4V",5.234
133.26574583853,-56.64948542658,"A0V",5.998
133.79909126667,-54.965768891690004,"F6V",5.698
32.28871817932,-43.5165952422,"K1III",5.83
139.52446340326,-51.050856636819994,"B7/8III",5.254
152.65716045836,-41.715247474600005,"K2/3III",5.965
29.911729425470003,-42.03053235933,"K1III",5.563
36.74634213164126,-47.70384065879168,"B7IV",4.25
147.91945129249,-46.54762225029,"G6IIa",4.58
153.68398203349875,-42.12194134188417,"A2Va",3.85
147.67471927522,-46.93391902037,"K0IIICNIb",5.711
147.8321870565,-46.193821214779994,"K2III",5.617
96.05767657207,-60.28132294182,"A0V",5.766
81.58027405503,-58.912517783359995,"G8III",5.129
147.48808582139,-45.73273690546,"B7III",5.084
71.08824306385,-59.732737862689994,"A8/9III/IV",5.282
130.57913185620794,-53.10005688063944,"B9III(pSi)",5.474
134.08026256965,-52.72347411847999,"B5/6IV",4.723
122.39010551879,-56.0853522824,"A3mA5-A9",5.648
53.14501021099,-50.37864530624,"K2III",5.658
118.12392349220002,-54.3671635775,"B2IV",5.68
88.08417257752,-57.15618929319,"F7IV",5.948
120.20807663011,-54.15127403756,"B5Vn",5.846
96.76723653068,-58.00211859201,"K3III",5.816
126.90244149061,-53.08847875598,"A9/F0III/IV",5.073
97.36874223280002,-56.85276685523,"K0III",5.197
121.26545523059002,-53.10792097318,"K3/4III",5.509
106.07628917544001,-56.74970225008,"ApSi",5.17
133.16086121333,-48.35908811752,"B5V",5.889
134.48149498964,-48.57290939640001,"G8/K0II",5.876
128.96678081401,-50.969646836109995,"ApSi",5.782
137.88909237251,-46.58391048393,"B2III/IV",5.769
134.71813215649,-47.23468313088999,"A6/7(m)A7-F0",5.146
49.3607977422,-47.75169249591,"K2III",5.833
140.59996853951,-46.04744412091,"G6/8III",5.729
87.45691693656126,-56.16666602259251,"K1III",4.494
110.0892616053,-52.31152521669,"F5V",5.953
108.83844220999002,-52.49922416834,"K1III",5.947
102.46380724536418,-53.622450407303056,"G4II",4.408
110.16169072171002,-52.08592245054,"B9II/III",5.367
121.17666508135,-50.59039636783,"G5II",5.943
130.56746881646998,-48.099096702844726,"B2/3IV/V",5.468
131.82851832333,-46.15541627194,"F0III",5.748
131.62727880032,-45.91250532174999,"B5Iab",5.459
131.50685141991954,-46.041528169790006,"A0II",3.91
70.69343169126,-50.481334863389996,"K0/1III",5.298
132.4484928249,-45.30787394879,"A2III",4.935
101.47382350888002,-52.40969088559,"K3III",5.761
106.80533859815,-51.9682736871,"K0III",5.952
101.71947199493,-51.26566786291999,"K1II/III(+G)p",5.379
111.59104119765,-51.01848069573,"K0III",5.081
114.18300032365,-48.83016602093,"B8V",5.68
140.4624451731,-42.1948602299,"M1III",5.572
40.52753029133,-38.38368700439,"G8III",5.988
105.97334218668,-49.583938722529986,"A4IV",4.925
122.4298091606,-47.93719178814,"B2V",5.217
122.7949575175,-48.46199261165,"B3/4V",5.806
87.72175618325,-52.10887422883,"G8III",5.166
118.32565615373706,-48.10293513179667,"B0.5Ib",4.24
120.06120508549999,-48.981511522229994,"A2III/IV",5.996
130.14691121691,-45.19110298168,"M0III",5.648
131.09977947559,-42.64927745762,"G6III",4.046
43.39332032155,-38.43700125942,"F5V",5.926
75.70285863824,-49.15140634984,"F5V",5.372
52.47978034404,-42.63425523793,"A5V",5.753
117.30359381346,-46.85771875409,"B2III",5.805
122.39964053195,-44.12276742136,"B2IV",5.183
108.69173976820001,-46.84967131698,"ApSi",5.715
119.32675417525415,-44.10985982722473,"B2III/IV",5.064
119.75750577669,-45.21583944719,"B3V",5.963
119.46549649977003,-45.57766905917,"K2III",5.123
117.08399885493667,-47.07772423459194,"K0IIIb",4.71
117.30957333150832,-46.373199649924445,"B0III",4.11
129.41097067566457,-42.98908063297749,"A7Ia",4.14
82.90000941684,-45.92531806358999,"K3III",5.844
86.61405182951,-46.59718291723,"K0/1II",5.302
64.81956856717,-44.26791779657,"K2III",5.332
119.24083561428999,-43.50040226652,"B3IV/V",5.346
108.30562750228,-45.18273759937,"B9V",4.874
109.51770550238001,-43.98678578755,"B8II/III",5.839
102.47756810145832,-46.614561586270554,"F5.5V",5.14
123.51220570344002,-40.34786713897,"K1II/III",4.44
133.20007254469,-38.72408816667,"K5/M0III",5.806
307.3349589398699,36.45472714614,"A2Iab-Ib",5.899
311.79480143804,34.37412250475,"K3III",4.93
131.21636116845,-37.14725111745,"B3III",5.722
306.89274602685,38.44035066165,"A3V",5.62
304.6193967396799,36.99980421386,"A2V",5.58
298.96567047159,38.48671912339001,"B5IV",4.946
297.655528231,40.59975976157,"B1.1III+B2.5/3V:",5.68
273.9115720788,42.15934579894,"B7IV",5.556
271.86976770227,43.46188958443,"G8IIICN-1CH-3",4.997
283.8337597401192,43.946089580494444,"M4.5III",4.0
304.66279997014,34.98277055214,"F6Ib",5.162
238.94828034575997,37.94695692687999,"F2IV-V",5.424
308.47578371563,35.250844179679994,"K6:Ib+B2.5:",4.636
302.35674608797,36.839620544,"B2.5Ve",4.93
303.63346814201,36.80630580809,"A2V",4.99
298.70104628816,36.99567628366,"G1Ib-IICH2Fe-1",5.781
299.97998081071,37.042885461359994,"B3IVe",5.19
296.06918833997,37.35435615083999,"G8III",4.887
228.87567841690498,33.31483124216833,"G8IIIFe-1",3.49
237.8080470598467,35.65738158087722,"K1IVa",4.82
228.52517788819,31.78784593626,"K5",5.974
257.38852777425996,40.77703807827,"K3III",5.065
239.74048213162,36.643770623879995,"K5III",5.586
263.28023927431997,41.24345078832,"K1III:",5.726
242.95023068257,36.42509475828,"K3III",5.615
231.57243190074996,34.33599510116,"K4III",5.45
230.45239630803997,32.93369393695999,"B9Vn",5.372
311.41563797232584,30.719714539576106,"K0IIIa",4.23
283.6261778687371,36.89861990961611,"M4II",4.3
284.50790911927993,38.26618875682,"B7IV",5.883
258.76180935986537,36.80916154895945,"K3II",3.18
281.20082994478,37.59459959516,"F1Vnn",5.585
283.43149643696995,36.97171878988,"B2V",5.573
313.03204253136,27.096944198560003,"G7IIIFe-1",4.568
235.9970805821,32.51580591514,"G9III:",5.575
228.62149478085,29.16429637325,"A1Va+",5.272
301.15072617721,32.21859814806,"B1.5Ia+",5.65
307.3488980559021,30.368555292302222,"F5Ib-II",4.01
295.68585826469,32.42674230514,"A5III",5.925
299.65825825974,30.983660786849992,"B9Vn",5.502
245.58927013859997,33.799052230520005,"M2III",5.2
255.40150540406995,33.56826846532,"A3IV",5.267
272.49584096782996,36.46626200332,"G8III",5.568
226.11142899823997,26.94764831773,"K2III",4.55
227.09909625012,26.301154108790005,"K2III",5.669
300.2752024264857,27.7535730205825,"A4III",4.651
302.63973830658,26.90416796478,"A3III",5.507
303.56053972259997,28.694817172859995,"A7IVn",5.189
294.84419130185,30.153321466460007,"G8III-IV",4.673
291.03157650551,29.62133556921,"B3/4+B6/9",4.977
282.47048882880995,32.55106028811,"A3V",5.226
280.96496615158,31.926613338640003,"F1III-IV",5.682
271.45671168244,32.23067424608,"K0III",5.709
262.73072142189,31.15813858553,"G8III",5.633
272.93801326184,33.44705875768,"A3V",5.97
233.67195203403162,26.714685000024716,"A1IV",2.24
237.14339784473003,28.1567488479,"G0Iep",5.71
250.32150433146228,31.602718703799262,"G0IV",2.8
227.14817777867998,25.108634928449998,"K1III",5.804
285.00344026273,32.1455132119,"K2.5III:Ba0.5",4.93
309.6329770046,24.11595912067,"B5IV",5.049
309.6457963499299,23.68049640015,"K1II+B7",5.929
304.19619278281,24.671101326030005,"G8III",5.302
225.52711998286998,25.00813879828,"K4III",4.81
226.82527472847997,24.86919427955,"F5V",4.93
295.92881967118,25.771920192750002,"G8III",5.497
292.84008929238,26.61717141103,"K0III-IV",5.893
267.59538484269,29.32214142528001,"K1III",5.517
271.75662775372,30.562106914579996,"F6V",5.13
275.25425068757,28.86995134982,"A8Vn",5.115
278.2081571895,30.55420879897,"B8V",5.468
274.96695760609,29.6663909464,"K4III",5.993
271.8856296342288,28.762491065638883,"B9.5III",3.827
250.40291354979,26.91688019701,"F3V:+F3V:",5.916
303.87599432779996,23.508903074919996,"G3Ib-II",5.176
306.41887077533,21.40964411734,"G6III",5.672
237.39852915443,26.068392863920003,"G5III-IVFe-1",4.63
309.63057852196,21.201162561590003,"A0Va(_sh)",4.82
298.62947127321,24.319358862590004,"A0III",5.52
292.176374672262,24.664905852074995,"M0.5IIIb",4.45
292.23784715615,24.768683610100002,"K0III",5.812
262.68462425402,26.110645612289996,"K3.5III",4.41
284.93951763396,26.230405373789996,"K2III",5.261
285.32232008882,26.29141041187,"B5V",5.687
267.2047758442,25.622868416989995,"K0IIIb",5.1
229.60211337638998,20.572763036470004,"G8IIIa",5.686
271.95652826859,26.101261644319997,"A3V",5.819
255.57790077661997,25.50561839167,"G7III:",5.762
252.93858978704998,24.6564328174,"K0.5IIIaCa0.5",5.029
260.04097557649,25.53760347143,"A3III",5.357
301.28955392776,19.99107302429,"K2III",5.093
265.8398521702599,24.32782138039,"G2IIIb",5.729
228.0177725749479,18.97603019414778,"M4SIII",5.89
261.02744624947,22.96028225747,"A7V",5.72
255.24223028160998,22.63209630887,"K3III",5.658
256.57519517104,22.08415388171,"K3III",5.565
235.3877278775,19.67039944027778,"A1V",4.505
247.80596274478,22.19545607289,"K5III",5.754
258.92279313193995,23.742758815290003,"K2III",5.975
300.01378299059,17.51650791964,"M3/5III",5.35
265.6181762672,24.56405730442,"K4III",5.558
300.81833167645993,18.5009933397,"K3II-III",5.968
297.2444157416667,19.142042100277777,"A3V",5.034
291.55519254532,20.097734628169995,"A0V",5.591
282.22244274324,19.32871642972,"A1V",5.88
288.82233721286,21.23211741026,"A4V",5.642
272.22026609551995,20.04523297864,"A8III",5.099
283.06844992022,21.425142275870005,"B9pHg",5.393
261.7047009302099,20.08097665689,"B5V",5.514
270.59602969096,20.83363521502,"B3IV",5.249
253.72987639178,20.95849053011,"G8III",5.387
271.50791899310997,22.218875717780005,"M3-SIII",5.06
310.8647231393717,15.074578684846113,"kA7hF1VmF1pSrEuCr:",4.417
294.32247111796,16.46280368281,"G8IIIv",5.659
313.90287079368,13.72153627324,"K0III",5.182
308.8272341883328,14.674214985013055,"A3Va",4.647
310.31753305956,14.58287794897,"K4III:",5.998
299.43935614400993,16.78916057833,"B9III",5.534
303.56924451093,15.197607338079997,"A1Va",4.946
300.87506149831995,16.031252307390005,"B9pHgMn",5.658
281.75514297006,18.18151606222,"AVa+",4.36
277.76853597274,16.928556217770005,"A2V",5.75
239.11326107375749,15.661613772328334,"F6V",3.84
263.34510117472,19.256677869980003,"F4V",5.648
308.4876747698,13.02720386545,"A3IVs",5.38
253.84236503436,18.43321204513,"K4III-IV",5.354
309.45466569066,11.37767523155,"A1IV",5.418
259.52059475124,17.31788390814,"A1V",5.992
288.8337092864,15.083652722710001,"G8II-III",5.571
235.24625183159,16.024589227600003,"G8III",5.991
314.60805637291,10.839286352639999,"G6III",5.506
234.12183178107,16.11908422918,"F3V",5.926
305.00078606885995,13.548088490070002,"A5m",5.938
261.13140455622,16.30100722896,"A3V",5.736
237.05544123832001,13.78908027867,"K2III",5.97
263.41412271834,16.317546314559998,"K0III",5.672
294.21856064845,11.273200648189999,"G0Ib-II",5.975
299.05938296916,11.42372252234,"A1IV",5.278
291.60056132640995,13.02380308396,"F6III",5.754
255.91375848296,13.605347587560003,"A1V",5.908
289.9139500625199,12.37467935817,"F0III",5.518
263.73362272030505,12.560037391671425,"A5IVnn",2.07
234.12322455623,10.010147053150002,"K0III:CN1Ba0.7Sr2",5.253
236.61089255068003,7.353068716340001,"G0-V",4.42
241.90641287900996,9.891740914290002,"A7V",5.635
260.9900659646,8.85257019119,"K1III",5.763
263.65289462301,9.58669638629,"A2V",5.81
305.79455580692,5.34298166294,"G8III-IV",5.301
283.86442154957,6.615301024750002,"G9III",5.566
294.79850999062,5.397772217850001,"B3V",5.17
276.99489010085,6.19410346884,"B8III",5.699
268.3091068203,6.1014228382799995,"F4IV-V",5.759
252.58075336330998,7.247683550850001,"A3m",5.469
246.04511980308,6.94821049715,"A1III",5.819
265.38468107146997,6.3131579247,"G7III",5.952
292.08665943716994,2.9300329416800004,"B7III",5.839
225.72515651496167,2.0913043610361113,"K0+IIIbFe-0.5",4.4
270.06581543772376,4.368645090768055,"B2Ve",4.6
237.7040219606796,4.477730970842778,"kA2hA5mA7V",3.693
243.31428756434997,5.02109124293,"K5III",5.453
250.16119663005998,4.21978977407,"B9V",5.761
240.21305837835,4.42735789596,"K0III/IV",5.804
298.6866452195699,0.27362510094,"B9IV",5.631
309.85371960773,0.4864319445600001,"K0III",5.153
291.629538575,0.33857080495,"F2Ib",4.72
292.25411225117,1.9504491180899994,"A0IVp",5.783
298.1182038432421,1.0056588834763889,"F6Iab+B9.8V",3.8
268.14766357024,1.30501108104,"K4III",5.917
285.8843593324,1.8187343833899998,"A4IV/V",5.815
284.31912516575,2.5353460500900002,"B8/9II",5.551
270.4383228901304,1.3050850774647222,"A0.5Van",4.429
269.0766671537,0.67035369923,"B3III",5.82
262.83889967737,2.724514451840001,"G8III+A/F",5.58
262.20689494262,0.33062490012,"A8Vp",5.412
250.42700806057996,1.18123089891,"F2V",5.724
237.57311176096002,2.19650889006,"K0IV",5.217
230.25831779848,0.7153361997499997,"K1III",5.393
247.14158665546,0.6650003175399999,"K3V",5.39
290.58978367043994,-0.25236344263999994,"K1III",5.811
295.18048761791,-0.62122288218,"A2V",5.637
290.1486932087099,-0.89215958904,"B9.5III",5.451
302.00759307016,-0.67818462373,"K1IV",5.968
294.18032376199994,-1.2865996151100005,"B5III",4.36
249.08937370706997,-2.3245869511758324,"K1V",5.77
279.3998442538,-0.30947503996,"A0V",5.768
277.42074781306997,-1.98530779712,"K0III",5.369
277.98747296793,-1.0029752111100003,"A5IV/V",5.936
256.3844116362,-0.89206603148,"B1V",5.61
307.41250016292,-2.88552815665,"K1/2III",4.9
309.18180497848,-2.54995464288,"K4+IIIBa1",4.88
225.45383755329,-0.14029798318000003,"M0.5IIb",5.71
229.60886192878,-0.46123417649000004,"K2/3III",5.89
233.24140646056,-1.1864015763599998,"K0III",5.496
281.79364256535,-4.74787304458,"G4IIa",4.22
269.90317618788,-4.821126345579999,"K5III",5.832
286.24030228311995,-4.031422543679999,"K0/1III",5.394
269.19893376232,-4.081821608520001,"K2IIICNIb/II",5.439
270.12087522471666,-3.6902715468230562,"F2V",4.616
298.32806548935,-3.1144620991600003,"F0VpSrCrEu",5.619
242.46043259314996,-3.46674411471,"K4III",5.378
255.26500740691998,-4.22264384663,"K4III",4.812
290.13710917284993,-5.415768030580001,"G8/K0IV",4.99
284.26529246809,-5.84631509312,"K1-III",4.818
294.22270369625915,-7.027479115692221,"B0.5IIIn",4.96
280.00161694314,-7.79079634449,"K3III",5.808
313.03622430074995,-5.507058186369999,"B9III",5.554
271.53082469743583,-8.323960280553887,"B2II/III",5.859
280.88021209176,-8.2752126752,"G8IIb",4.889
281.87062457251,-5.7051507255,"K4/5pec",5.2
230.2817053743,-5.82485241704,"K1III",5.537
246.93107083823998,-7.59792912537,"M3-III",5.23
263.37435437018996,-5.74480321566,"A5V",5.607
278.7599692866,-10.97720636405,"G8II/III",5.119
281.68051754733,-10.12504481494,"F0IV",5.717
240.19846801063,-8.411358271080001,"A0V",5.526
264.53960287087,-10.926268259860002,"K1III",5.727
257.44979209957,-10.523299715909998,"F5IV/V",5.43
243.03048316754,-8.547579594,"A2IV",5.424
275.80067567648,-12.014754738210002,"B8IVe",5.699
242.99997135053002,-10.06414170962,"A1V",4.928
243.46210941047,-11.83774786154,"K3III",5.239
252.45840729816996,-10.783065159579998,"F7V",4.632
263.69313130961,-11.2419984548,"B9V",5.535
260.20692403414034,-12.846876066316668,"A0/1V",4.324
312.67406973883,-12.54490219779,"K1III",5.872
291.3399787863,-13.89711758326,"K2III",5.71
283.87918911358,-16.37663561305,"F5V",5.546
231.04951580174,-10.322278854,"F4V",4.92
283.6796401973133,-15.603036856645835,"B3II",5.086
278.4125871534598,-14.8536143948213,"A0/1V",5.735
277.29937738049796,-14.565802914842225,"A1IV/V",4.675
291.54601091762,-15.05325145645,"B7IV",5.706
275.0366304882899,-15.831696853739999,"K3III",5.371
264.39666582704876,-15.398555763609995,"A9IIIpSr:",3.519
247.44550943684,-14.550798005679999,"G5III/IV",5.665
266.90324847902997,-14.725826335989998,"B9pHgMn",5.923
230.96766224704996,-12.3695021897,"G8III",5.716
295.18076262602,-16.2932706621,"K1III",5.296
295.62972079235,-16.12399803088,"F3IV/V",5.045
299.4876227432799,-15.49146815238,"A2V",4.998
277.54943526175,-18.72879595665,"K0III",5.624
257.06189471615994,-17.6090507719,"K0III",5.977
310.13549388937,-16.12417634625,"K0III",5.799
296.59058130579245,-19.761114615344447,"K0+III",4.873
314.67433276125,-14.483125053589996,"A9V",5.963
236.01833112284,-15.67283425002,"A5/7IV",5.412
289.4086630645,-18.9529062457,"G8II-III",4.878
314.41935352142997,-16.031538984400004,"A2/3III",5.869
294.26392248485,-18.23105476697,"K0III",5.642
298.0500171505,-19.045002305689998,"K0III",5.896
233.8815753993054,-14.789535531785829,"G8.5III",3.91
250.39326462279,-17.742166550610005,"G7.5II-IIICN1Ba0.5",4.923
247.7848623641479,-16.612730867286395,"G8+IIIa",4.27
284.33532038596,-20.65634787079,"B9/A0Ib",5.054
279.47677991912997,-21.39772860603,"A5IV",5.931
279.7225044145699,-21.05187527402,"G6V",5.86
282.41711665726,-20.324654640190005,"K2III",5.21
273.56624985929,-21.713162640799997,"K2III",5.473
273.4408701670833,-21.058831686944444,"B8Iab(e)",3.85
253.35505309732,-20.41580059062,"G2IV-V",5.857
250.47376195942,-19.92436096159,"F3V",5.559
261.17511795785,-21.441482789059997,"K0III",5.83
242.99889864963222,-19.46070447846264,"B2V",4.0
241.3592999275,-19.805452782777778,"B1V",2.62
304.84835118396995,-19.11852538377,"K2III",5.265
290.15895055128,-22.40254625955,"A8III",5.579
265.857473075892,-21.68319414243306,"F5V",4.861
313.69923524297,-17.92289458254,"K0III",5.782
307.47462289485,-18.58318352159,"A1V",5.897
232.06420082374,-16.71648542046,"K4.5III",5.626
226.65665213046998,-16.256818608409997,"K5-III",5.2
281.58587913429,-22.392173179269996,"K5III",5.366
279.62797636346,-23.50489520314,"B8III",5.772
283.54240867928,-22.74483961587,"K1II",4.845
278.47285965291,-24.03228199515,"K3III",5.461
269.94815189825994,-23.81611471274,"A0",4.724
235.48663508477,-19.67879299614,"M0-IIIb",4.72
270.47658748275,-22.78029423012,"B0Ib",5.77
234.56786024887,-21.016318441,"K0III",5.816
238.33355790343,-20.167075278810003,"B3V",5.027
241.70177077785254,-20.669188851758612,"B1V",3.97
285.61531266794,-24.8468254229,"K2III",5.628
283.81636040649323,-26.29672411476388,"B2.5V",2.067
291.3187110569254,-24.508567106691114,"A3/5IV/V",5.009
294.1768056753442,-24.883620868674445,"B8/9V",4.598
261.59256892034335,-24.175306945060278,"kA5hA9mF1III",4.153
294.00688955334,-24.71908064485,"A1mA2-F0",5.64
281.41412309412124,-26.99078264511139,"B8III",3.14
300.3493612876699,-22.737308903180004,"K0III",5.999
311.54161670263,-21.514036022269995,"A1V",5.902
255.03970555146998,-24.989139376769998,"F3V",5.731
274.51329851055624,-27.042643520009165,"K3II",4.627
299.73834242432997,-26.19576247541,"G6III",4.846
299.23680287255206,-27.169897010698058,"K2.5IIb",4.528
238.48276577759165,-23.978095380702776,"B2V",5.402
234.45017301303,-23.14170709737,"K0III",5.79
228.05537605958332,-19.791710893333335,"B9IVpSi",4.54
260.83996199442,-28.14283354339,"K4/5III",5.288
261.90647118256,-29.724566877670004,"B9.5IV",5.974
261.8386484717475,-29.867034824494446,"F5III-IV",4.269
251.25079134105997,-28.509657131380003,"A3IV",5.982
303.8224640668642,-27.032975451495552,"K2+V",5.723
300.6645021138671,-27.709844346463058,"M4.5III",4.58
311.5238874801846,-25.27089819194861,"F5V",4.122
240.83592977032,-25.865242571789995,"K3III",4.966
238.47464261824996,-24.5331592472,"B5V",5.372
238.87530651602998,-26.26598259947,"A3V",5.625
243.07585257034168,-27.926375912667503,"B2V",4.568
237.74476859529994,-25.75129407694,"B1.5Vn",4.635
235.0704055109,-23.81808364893,"K3-IIICN2",4.96
286.10440681372,-31.047080571049996,"A0V",5.482
277.7701727916116,-32.9890982509367,"A5V",5.386
267.2936550248199,-31.70320628738611,"B8Ib/II",4.797
296.50510465728,-31.908568390070005,"B8III",5.512
244.57457983480714,-28.614019999019167,"A1Va",4.782
234.25603706873625,-28.135110461468887,"K3.5III",3.589
242.75861792634998,-29.41621869415,"K0III",5.102
258.24399122904,-32.43833166031,"B1Ib",5.997
271.20991058644995,-35.901441009420004,"K2III",5.972
275.87011112107,-36.23798837481999,"K0III",5.518
258.83019944613,-33.54841649417,"O7.5V((f))z(e)",5.53
240.89316200613,-32.000534507320005,"F5IV/V",5.993
250.43939303973997,-33.145759861669994,"G0/2II",5.836
234.6640395654167,-29.77774877888889,"B2.5V",3.642
277.11297524201,-38.99566951021,"A2mA2-F0",5.624
274.40682166227543,-36.76169016455027,"M2III",3.11
265.62198000035505,-39.02998307638737,"B1.5III",2.386
262.23370553001,-36.77828045494,"K0III",5.985
287.3680896456666,-37.90447440014084,"A2Va",4.087
265.71290596535994,-36.94556242444,"K5III",5.52
260.7281211613,-37.22078876730999,"K1III",5.914
255.15412243679998,-35.93413427452,"K2IIICNII",5.934
249.77177750351,-37.21737604844001,"B9/A0V+B",5.914
242.46912446423,-33.54580654173,"B8V",5.497
247.84556033467496,-34.704368192821676,"B2III-IV",4.23
255.96225653649998,-38.15257198256,"F3V",5.902
267.54629914228997,-40.09043182076001,"A2Ib",4.803
269.4491771177079,-41.71629326855278,"M0III",4.863
302.7997448709225,-36.10120881266862,"K2.5V",5.32
300.066387119187,-37.701722604733,"G8/K0III",5.948
228.65549934059996,-31.51912384467,"F3III",4.918
287.08737371518,-40.49669798013,"K1III",4.571
281.2381345059599,-39.68618836516,"B9/A1V",5.439
225.52680468056,-28.06061307637,"A4IV",5.824
273.30291010635995,-41.33611033853,"B2III",5.462
287.5073196896108,-39.3407926854625,"K0II/IIICNIb",4.095
310.08261634358,-33.431846151840006,"K1III",5.466
281.93590722747,-40.40616594942,"G5/6III",5.217
229.45765656610584,-30.14866646634111,"K0IIIaCH-1",4.33
263.28078791362,-41.1730654939,"B9III",5.838
258.0675204787,-39.50694896041,"A0/1V",5.655
312.49200435483993,-33.779703994,"G8III",4.89
241.81758069741997,-36.75563286321,"F0/2V",5.7
247.06029318690997,-37.17988287113,"K1+IIICN0.5",5.79
226.63832423598,-30.91848157696,"ApSi",5.977
234.94158044832997,-34.41192079899001,"G8/K0III",4.661
276.07599787208994,-44.11025516124,"B3V",5.227
284.07063020867,-42.71067309243,"K0III",5.346
290.97156416063837,-40.615937202693054,"B8V",3.943
278.37577405682,-42.31250823975999,"G8III",4.614
285.7786534732604,-42.09510566608805,"B9.5Vann",4.725
279.89649583833,-43.18588030674,"M2III",5.425
277.98426591547,-43.50738094177,"K2III",5.686
282.21037394937,-43.6800433233,"A3V",5.456
297.96087779930997,-39.87437175263,"ApCr(Si)",5.33
259.69928516636,-44.12974648782,"B9V",5.736
261.0544936782054,-44.16258555344695,"B5/6III",5.108
266.1750396457,-42.72931945951,"A3IVn",5.871
269.1975706169499,-44.34221848895,"K2III",4.849
258.0383087285559,-43.239189530951116,"F5IV",3.33
230.45153998804454,-36.26137329029805,"K4III",3.546
251.17746946001998,-40.83967506922,"B3V",5.628
224.05512538691997,14.44626134404,"A0V",5.892
224.38854728552,-0.1676119348,"K1III",5.512
222.67154950236997,-15.997210427819997,"F3V",5.16
220.25579082934996,-36.13485910245,"B9.5III",5.658
223.58386910138,-24.642204268810005,"K2/3III",5.266
222.32810034521998,-24.251469126499998,"K3III+G",5.692
221.5282120235,-23.15303146856,"K0III",5.803
224.19214600515997,-11.409700030229999,"K4III",5.45
223.59530881338,-11.89835037709,"K0III",5.788
222.8474163722046,19.100472048411426,"G7Ve+K5Ve",4.593
224.29865769616,16.38812723833,"G5III:",5.715
221.37585193216,0.71727227856,"B9.5V",5.665
220.41146330761,8.16176457182,"G7IIIa",4.862
220.17663700065,13.534322807820004,"F0V",5.925
222.56587910560998,23.91184283892,"F9IV-V",5.867
219.55828154276,18.29837772144,"K2III:",5.91
220.18302382702,16.417797635270002,"A6V",5.761
216.61402119599998,19.22689967908,"kA7hA8mF2(III)((Sr))",5.394
217.17384296205998,-6.900526987799998,"K4/5III",5.418
217.4604902235,0.8289308687500001,"A5IV/V",5.966
215.58216496144996,-34.78679114805001,"B8V",5.568
214.84950043959,-37.00290685876001,"A2Vn",5.925
214.01724873628,18.91180145128,"A8V",5.957
216.202603412325,-24.806309875536662,"K0III",5.332
216.0472702701333,5.820127515622776,"A3V",5.094
214.77746945512624,-13.371091295024444,"A1V",4.52
214.81783216401,13.004301083630002,"F3V",5.396
211.59290834800288,-26.68236157673806,"K2-IIIFe-0.5",3.28
214.49923885007,35.50951230374999,"K0III",4.796
211.67843038542,-9.313515237120003,"F2III",5.453
212.59972288860996,25.09167695027,"F8V",4.83
213.06585643085455,2.4094292162541664,"ApSi",5.02
213.2239368859575,-10.273703461482222,"K2.5IIIFe-0.5",4.21
209.11615310432998,1.05058052801,"A5IV/V",5.898
210.41163979453543,1.5445306078263885,"A2IV/V",4.237
210.33511039216,8.89489362186,"A2V",5.973
209.66217892540996,21.69619987387,"A0Vs",5.748
208.30387535611,17.932868686369996,"G5III",5.709
208.67560472374998,-1.5031227211000002,"K1/2II/III",5.159
208.29284065343,28.648132082880004,"A8IV",5.909
207.60282795698,5.49722135015,"K0",5.993
206.73479897558997,-36.251933347599994,"A0V",5.147
206.12427845576,-16.179072836130004,"G0II:",5.567
207.46784539626,-18.13416925271,"K0+IIIb",4.959
205.40320868534,-8.702980285469998,"M1+III",5.01
206.8155757166775,17.456891543222227,"F7IV-V",4.49
206.57942367698996,38.50362346838,"G9III",5.919
207.78839884485,34.66439827046,"M2III",5.87
206.55643994728996,41.08874462894,"A5V",5.877
204.95228436564997,-40.05170740262,"K2/3III",5.603
204.67529581593996,-29.56086752604,"F3V",5.81
202.76106914624998,-39.40730527555556,"G8II/III",3.88
203.14957337937,-28.692767669449996,"A2V",5.69
203.66854248375,-13.214325434166666,"A0V",5.932
203.2151782121075,-15.363013497852222,"K1.5IIIb:",5.529
203.88040117993998,-5.39619137158,"K0III",5.706
202.99118605499538,-6.255817660835833,"M2.5III",4.69
203.01169372812,-18.72887784322,"A7IV/V",5.998
203.53304685229458,3.658969155643611,"ApEuCrSr",4.94
201.53250110470998,-39.7550858315,"K0.5IIIbBa3",5.09
201.73381795377998,-41.49756103088,"K3III",5.656
200.54043702693,5.15475430455,"kA3hA6mA7",5.873
200.42352435939,2.08723892702,"A0V",5.687
201.54756238593,-1.19247285565,"A8V",5.965
201.13853569186998,-5.164001241889999,"K2V",5.749
200.75464445162999,-17.73527455723,"K0III",5.354
200.82872296229996,-4.92442827448,"K4III",5.858
202.30416908564996,10.818309192119996,"K0III",5.646
201.27782544967,23.854420129289995,"A3IV",5.745
197.26360823084,-23.11804386646,"K0III",4.934
199.22138283381,-31.506201274650003,"K0III",5.11
198.01326789946205,-37.803022202350824,"G3V",4.85
197.30181149637997,10.02246777626,"K0III",5.782
199.4011940336946,5.4698840927341665,"M1III",4.8
196.97422029652998,-10.740408704040002,"K0.5IIIbFe-0.5",5.151
197.13527545847998,-8.98438240938,"K1III",5.564
198.13716721069997,11.55609967439,"M0III",5.77
198.63034779303,11.331656633929999,"M0III",5.67
197.96830761169252,27.878183974850003,"F9.5V",4.25
197.51340029957,38.498980950079996,"A9III-IV",5.91
199.38558813253832,40.572606772960285,"A9IImF2",4.698
196.72607041840996,-35.862021359070006,"A0V",5.63
195.5441542302233,10.959148721740554,"G8III-IIIb",2.79
194.91472564639997,-3.8119369515900003,"A3III",5.791
192.10940639486,-27.59738365599,"G8III",5.658
191.69261626251998,-33.31548286152,"K3III",5.869
196.43514807838,35.79889993609,"B9V",5.195
192.67151411907,-33.99934795846,"B9V",4.894
192.98721289285,-39.68043067393,"B7/8V",5.969
191.40441026189498,7.673324956437223,"F0IIIm",5.207
193.58817932077372,-9.538988924695003,"M3-III",4.8
193.9008692670183,3.3974689038383334,"M3+III",3.38
192.22588812776996,14.122586534299998,"A1V",5.681
192.32271147975996,27.552378680329994,"A1Van",5.78
192.92466737359996,27.54071250467,"G0IIIp",4.94
194.00693995375286,38.31837643625333,"A0VpSiEu",2.88
192.54475021726,37.516938775350006,"A5Vp_lB",5.872
188.59681217680622,-23.39676021620222,"G5IIBa0.3",2.64
194.00179795076,38.31485251695,"F2V",5.6
191.00221374836997,-28.323957499660004,"K3III",5.454
189.42616406775,-27.13888552792,"F2IV",5.41
189.76437860186996,-30.42237308376,"K2/3III",5.866
189.6858878202,-18.25010344533,"F0V",5.982
190.48798870635997,6.806615980159999,"A2V",5.573
188.71280340925497,22.62920599761361,"A0mA1IV",4.773
191.24752068427662,39.27891614786027,"F9V_Fe-0.3",5.95
188.14999459223998,-13.85910671656,"F2V(n)",5.726
188.39274486618,-12.830204431180004,"G8III/IV",5.582
187.09361318543998,-39.04116402996,"B8/9V",5.439
186.71538307102998,-32.830123945329994,"B9V",5.558
186.29901882867998,-11.610588502030001,"A1V",5.926
187.36267668050996,24.108922835289995,"F5IV",5.468
187.75233541761,24.56716590148,"A2pv",5.436
187.22792600276998,25.912851614759997,"B9VCrEu",5.236
186.74706789495997,26.825701704039997,"A4V",4.959
186.60026842788997,27.268238835179996,"F1IV:npS_sh",4.95
188.43560104856124,41.35747815357195,"G0V",4.25
185.14017492944,-22.2159004737,"B8V",5.21
183.35432016574998,-38.92918576982999,"B4III",5.75
184.97642665915,-0.66679619811,"A2IV",3.9
185.23213495899793,-13.565726830352778,"K0III",5.139
184.66798952646997,-0.78718431864,"A5IV/V",5.897
183.74823477722998,-20.84423546666,"K0IIICNII",5.807
184.00077736484997,14.899067895660005,"A3V",5.09
182.53116909374998,-22.6197672175,"K2+IIIa",2.98
184.03145442637998,40.660178644220004,"M0.5III",5.66
180.21316317341999,-19.658981176430004,"B2IV",5.264
182.22417013276998,-44.3259899023,"A2mA5-F2",5.746
180.21829927763372,6.614318553384446,"A5V",4.642
180.1852506163712,-10.44612975486889,"G8IV",5.55
182.69206315462998,27.281506097279998,"A5V",5.987
177.75928962124,-5.333331523350001,"K0+IIIb:",5.622
178.67724328758376,-25.713884423413056,"G8III",5.272
179.00397547303,-17.15082446912,"A0V",5.16
177.18784470134125,-26.749777808093892,"M4+III",5.11
178.22717286745728,-33.90812977808355,"kB8hB8HeA0VSi",4.28
178.76305190051,8.44394211856,"K0III:",5.569
179.9871395801,3.6552046169400003,"A0V",5.345
177.67382714942332,1.7647226497586115,"F9V",3.6
177.26490975591017,14.572058064829658,"A3Va",2.13
178.91888634612,15.64681940574,"A3V",5.522
177.42381212892,34.931758058689994,"F7IV",5.723
175.86328241327,-37.19016072201,"K3III",5.966
176.32099928437708,8.258113804996945,"A4V",4.842
175.43311415153,-32.49940311952,"K5III",5.2
175.19611352922,21.3527274384,"K1III",5.255
176.19073323219,-18.3506763721,"G8.5III",4.706
172.57872230205,-3.00349970129,"K3+IIIFe-0.5",4.77
173.19806899789,-7.827525211530003,"K3III",5.927
174.17045502168125,-9.802222701550557,"B9.5V",4.673
173.20034268399,-40.4361943506,"M1III",5.639
171.78964869184,-12.35674900145,"F5/6III",5.923
172.62094845058,18.409807040260002,"K0III",5.549
171.98433134626,2.85626503025,"G8-IIIa",4.943
172.42434900698,15.41326571258,"K4III",5.734
170.80286530254,-36.16477115874001,"K4III",4.991
171.37272302866,-36.063061943,"K0III",5.219
172.62971327824,43.17324137716,"F4V",5.942
171.00969812875,1.40776252577,"G8III-IIIb",5.386
171.24551918739,11.430291488409997,"K4III",5.788
169.72899849581,1.65039544174,"K0III",5.904
170.28414074670127,6.029321670217778,"B9.5Vs",4.04
168.96616712523,13.307565266349998,"K2III",5.32
168.80095164026002,23.09550895620472,"M3IIb:",4.63
167.91449465302,-22.82584804833,"A1V",4.449
167.18329210779,-28.08065386398,"A1V",5.421
166.22581897427,-35.804671301620004,"A0V",5.414
171.40155325864,16.456536843780004,"F2V",5.572
169.54554950000002,31.529288899999997,"F8.5:V+G2V",3.79
168.52708926588556,20.523718139047475,"A5IV(n)",2.53
168.56002362722833,15.429571086424442,"A2IV",3.35
167.20453298926,24.658493778870003,"A0IV",5.698
163.43213460152,-2.1292055521799997,"G8III",5.449
164.17938007896,-37.137767409880006,"K0III",4.6
165.04872008736,-14.083369171299998,"K5III",5.857
163.5740709934,-13.758037522339999,"G4III-IIIb",5.651
163.90333897648,24.74972842488,"A1V",4.477
164.94360481576166,-18.298786220615558,"K0IIIb",4.07
162.05879536425,-31.687846909820003,"A1V",5.858
165.14019643034,3.6174978845,"K0.5IIIFe-0.5",4.838
162.48757365926,-34.058184535180004,"A1V",5.599
163.4947538182,43.189957506910005,"A1VsSi:",4.664
164.0061177870825,6.185372588299167,"M5.5III:",5.78
161.6022753581,18.891522300610003,"K3III",5.492
162.57523494837,-8.897764938189999,"A2/3III",5.791
162.4312154492548,-9.8526905216762,"K0III",5.842
161.60532160642,14.19464503772,"G4III:",5.478
162.31429315093,10.54519958042,"A2V",5.312
163.74241244757,34.03479855653,"G7III:",5.725
160.85398752748583,23.188403268326386,"A3Vn",5.07
162.16898101325,-1.9588957073899997,"M1III",5.93
161.46622780136,30.68230762729999,"A1Vn",5.352
157.74932132444,-13.588470911520002,"B9IIIe",5.58
158.80354589478,-39.56259000568,"C-N3",5.38
157.57283454121,-0.63703181611,"B6V",5.1
158.04905602062124,14.13726968844528,"M1III",5.46
157.52686503998,38.92513217083,"A4V",5.784
157.37072120389,-29.663833224329995,"K3III",5.565
159.6800533769408,31.976239827446104,"G2.5IIIa",4.677
158.30787467726,40.42554634199,"A7IV",4.715
155.58160352589,-41.64996198158,"K1III",4.83
155.86032593897,-4.07403283934,"ApSiCr",5.97
155.5821986521946,41.499538262575555,"M0III",3.05
156.97083166458333,36.707210010555556,"G9III",4.21
156.03584961269,33.71852969281,"K1III",5.503
156.47839561945167,33.796119199656665,"F0VmF3/4",4.718
153.20151924721,4.6146771548,"K0III:",5.781
152.6470357548103,-12.3541274788236,"K0IIIbCN0.5",3.61
154.40751060214168,-8.068913120846945,"F0IV",5.24
152.52452631849,-12.815923188959998,"F3V",5.296
152.73275309107,-8.418459080569999,"K2/3III",5.618
154.06012552059,29.310474315420002,"A2IV",5.488
152.09296243828146,11.967208776100023,"B8IVn",1.4
151.85734320951084,35.244695866788895,"A7V(n)",4.49
151.28112337827667,-13.064626493003058,"B8V",4.588
149.71781426255,-35.8909728992,"F1V",5.222
150.05335839433042,8.044219645808056,"M2-III",4.7
149.10822987404,8.933155864730832,"K2III:",5.848
147.36701529777,-37.18676425799,"K2III",5.946
144.36833599635,-36.09599414041,"K2III",5.95
146.59837699414,1.78558778842,"F0/2IV",5.64
144.30283059243,6.8358224536600005,"K1III",5.009
146.59719713332,11.810043235640002,"K4III",5.644
145.07651328122043,-14.332288781332224,"B3/5IV/V",5.052
143.35854616722,-22.86388573447,"B9.5V",5.904
142.30267637563,-20.749127268549998,"K4/5III",5.636
142.88397896732,-31.87180986347,"A9IV",5.899
143.30191608729,-21.115723332290003,"K0III",5.003
143.91459247390253,35.810132514215276,"G8Va",5.34
145.88858317912,29.974476638210003,"kA1hA2mA4",5.621
142.12155855335,8.18830556701,"K0III",5.713
141.59296029932,-1.46407494629,"K2+III",5.985
141.35014618676,-5.11739517807,"K4/5III",5.579
140.1208955833592,-9.555703357048891,"K0III",4.811
139.28217362522,-14.5740701572,"K0III",5.831
139.88806071166,-15.83466439582,"K1/2III",5.792
142.59367865144,-15.577353301570003,"K2III",5.849
139.94325689479,-11.9748527477,"G7III",4.77
139.17236146498,-8.744758350200001,"B3III/IV",5.468
143.23239358599,-13.5168042547,"K4III",5.937
136.49320743567,5.09232602999,"K2II-III",4.981
139.17391197195,-6.353144417910001,"K2/3III",5.23
137.17575440035,-8.5895333428,"B9V",5.609
137.48504006889,-30.365400131890006,"A4IV",5.593
137.29797680293,-12.3577056198,"G8III",5.769
137.26754443989,-18.32855157018,"A0/1V",5.722
28.3222680326,40.72979042072,"K1III",5.394
44.76532017726,35.183130898090006,"K2III",4.93
135.35054075731,32.2522960969,"A2V",5.87
24.199339768294585,41.40545871334139,"F9V",4.1
32.121921323591664,37.85908513215612,"A5IV-V",4.82
344.09845803464,41.6038745779,"B2IVs",5.587
351.78083381974,42.91200990904001,"B9III",5.736
137.33975478451,22.04543836685,"G8.5IIIFe-0.5CH-1",5.149
349.59717596056,41.7736678533,"A7m",5.97
9.19350443917,44.48858893799,"K6IIIa",5.129
325.85688473342,38.28359107887,"A0V",5.695
7.05695560496,44.39446929221,"A2Vs",5.173
17.57808504059,42.08147499637,"F8V",5.665
333.46969795057,39.7149246777,"K2.5III",4.49
44.32200717365,31.934220416160002,"A2VspSiEu",5.093
342.59074398551,41.9533948334,"B4III",5.91
319.47952439516996,34.8968959621,"B2Vne",4.42
321.83902451439997,37.11679614109,"B3V",5.293
32.38594634196055,34.98729706469149,"A5III",3.0
38.2192485826443,34.5423837388461,"K0III",5.826
340.36937294394,40.225447149050005,"B1.5III",5.229
27.16218821417,37.95287024525,"K0III",5.929
325.50451287212,35.51019997682,"C-N5",5.84
14.188371146487498,38.499334271586946,"A6V",3.87
17.43301617293042,35.62055765052624,"M0+IIIa",2.05
30.741482619689997,33.2841340991,"A2V",5.516
36.86571325879001,31.801279346729995,"K1III:",5.552
343.93544969624,36.35139583944,"B7III",5.725
33.98453167672,33.35889783718999,"A0V",5.249
14.559245563749998,33.95088446921,"K0III",5.98
40.17115013048,27.060943548749997,"A2/3V",5.296
7.856824417059999,33.58163657618,"K1III",5.878
9.33841560581,35.39950297419,"G2Ib-II",5.431
336.94272867165,31.840046187700004,"K2",5.986
42.49597183583333,27.26050722722222,"B8Vn",3.594
327.4612265322,30.174212431900003,"A1Vs",5.069
332.30677123194,33.17235478882,"G6III:",5.582
29.432267370980004,27.804377201929995,"M2III",5.85
350.47889797062,31.81246548699,"B6III",5.348
34.737473110580005,28.64267562363,"A2V",5.291
5.10167228763,30.935613667239995,"B7V",5.869
353.4882829708507,31.325279392363257,"K4IIIb",5.008
321.91690710059,27.60859443488,"A1VmA3",5.379
17.77818049308,31.42472934753,"F0V",5.152
353.65917804020995,33.49732828758,"K0III:",5.621
321.14168949788996,26.17455867402,"A8III",5.658
32.3555207688508,25.9398378657198,"F2III",4.977
37.6348055448352,25.2350285714463,"F6IV",5.879
2.0969161856756404,29.090431118059698,"B8IV-VHgMn",2.06
7.530687976930001,29.75155779584,"A7III",5.214
331.29722670585,26.673690378329997,"K3III",5.744
322.4870602043717,23.638840285698056,"M1+III",4.509
326.16139676550046,25.645037762581552,"F5V",4.135
328.26570259197166,25.92513583939028,"B6IIIe",5.081
335.33057896027,28.33052968372,"B9III",4.81
337.29261357878994,26.76319796612,"K2II",5.778
18.4372752354,24.58369761573,"K0III",4.66
40.59139914735,20.01146549768,"A0V",5.74
28.96266019423,23.57731542463,"G8III",5.749
31.6413540514516,22.6483187761008,"kA1VmF2III/IVSr",5.019
39.7041351977,21.96140205441,"A7V",5.451
42.13370183437,18.283791327159996,"K1III",5.83
328.40578603226,19.66846665262,"A0Vs",5.676
32.65665370235,19.5003367021,"M3-IIIab",5.688
315.11536799022,19.32958137687,"M3III",5.702
29.898681470589995,21.058568840649997,"K0III-IV",5.892
42.32316615302499,17.464312641164444,"B6",5.34
21.56359331781,19.17234739297,"F2V",5.344
20.85395387676,20.46896843392,"K5",5.971
17.86341123302125,21.03464916803889,"G8.5III",4.658
21.67366314053,19.24042391307,"K1III",5.495
23.70443834953,18.46051161541,"M2III",5.903
17.455003738519995,19.65840690587,"F9IIIa",5.562
350.15935928822,23.740355064460005,"A5Vp_lB",4.58
25.624010521366664,20.26851268269722,"K1V",5.24
29.337739850556254,17.817556014599997,"G8III",5.105
42.87327685698,15.082067633060001,"B7V",5.516
41.13738310626,15.311859869180001,"B9Vn",5.777
324.75495299147997,20.265450916990005,"F1Vnn",5.762
28.3825800137264,19.2959529982388,"A0Vnp_lB",4.589
3.650684510418749,20.206702882684446,"M2+III",4.8
13.646760709965415,19.188422173789725,"A1Vn",5.79
9.8408558033525,21.25047580547778,"K0.5V",5.88
16.420600536865418,21.473191900011386,"A0IV-Vnn",5.273
9.98154823781,21.438496677989995,"K2IIIa",5.428
16.42379629454,21.46544777964,"B9IVn",5.455
346.86964883731,21.13425299097,"F0+VkA5mA5",5.953
344.36658535524,20.768832511140005,"G2IV",5.46
18.53178400763,16.13347623738,"B8III",5.962
354.4866762186,18.400666136050003,"A0Vn",5.482
2.2601030964699995,18.21196521971,"G9III",5.555
347.67765448654,17.594373064610004,"K4III",5.661
343.25944332414997,16.8411945964,"K2III",5.89
332.96387894204,16.04055499041,"K0III",5.93
30.646154213200003,13.47672089669,"M2III",5.94
3.3089681209050004,15.18359842959389,"B2IV",2.84
9.19712916829,15.23171953693,"B2.5V",5.863
330.27229586852997,13.119838094749998,"F4III",5.599
16.272316397170002,14.946134961339997,"F4V((Sr))",5.631
27.71655254039,11.043378332299998,"F0Vs",5.922
330.8293025481199,11.38654843765,"B9.5V",5.822
332.65596808562,11.624539019440002,"M1III",5.774
329.23488454564,12.07649373302,"A2Vnn",5.533
44.05736351279,8.381562193029998,"F6III-IVs",5.963
348.36043500586,11.06500430239,"G5III:",5.852
341.67324939263915,12.172885794474443,"F6V",4.2
335.3794796033334,12.205184115277778,"B3III",4.99
32.83782816068,8.56980718578,"G0IV",5.623
1.42484005519,13.396268133790002,"G5III",5.537
39.1461248980299,7.7300279129751,"K0III:",5.811
26.348438396549998,9.15775073342,"G8III",4.26
346.75108638868,9.40949272861,"M1IIIab",4.52
358.15461335202997,10.94728678943,"A4Vn",5.3
357.8385418948,9.31335645527,"M3III",5.78
347.93412587753,8.720116251139999,"A5Vn",5.154
354.97933486517996,9.677297003000001,"A2m",5.96
355.84316152778,10.3315380206,"M2III",5.071
315.0166243945,7.516188252700001,"F1Vp",5.995
320.72338934143,6.811139838180001,"A3V",5.148
330.28847637445,8.2571656372,"K5III",5.633
12.07254060673,7.29993047065,"G8III",5.912
8.09907891891,6.9554853660900005,"B9.5V",5.679
324.63308540817,5.7717451269,"A9IV-Vn",5.656
325.56438039157,5.68013878683,"M2III",5.301
22.54631260854125,6.143821711764999,"K3III",4.84
355.48620748213,7.25054859607,"A3Vn",5.891
37.8753975526,2.26718292013,"K2III",5.269
27.10841423127,3.6854496627200004,"K0III",5.904
350.0857626938,5.381307885449999,"K1IV",5.069
28.388904126109995,3.18753250608,"G8.5IIIb",4.604
318.95598819687746,5.247891952405833,"G6IV+B9.5V",3.933
12.095733229549584,5.280613745820556,"K2.5V",5.74
37.68834685453,0.25575188279999994,"A3V",5.99
326.80817548583,2.68612250451,"A0V",5.624
17.639804339520005,2.44567434002,"K4/5III",5.942
30.79854294541,0.12850817664,"A3IV",5.423
351.73314946743994,1.2556049758899996,"A2VpSrCrSi",4.94
344.8643905964,0.96292450723,"K0III",5.426
336.31926250725417,1.3773984581883334,"B1III-IVe",4.64
354.09701934725,2.10222164008,"F6V",5.68
355.51168899749325,1.7800421380697224,"A7V",4.51
35.55164785452,-0.8848537596599999,"F0/2V",5.421
38.03926003996,-1.03489349199,"K1III",5.358
324.88861330209,2.24356092893,"K0III",5.1
8.886805855740002,-0.5056107563199999,"F5V",5.936
17.931283902699995,-2.2510780223599993,"K3III",5.918
30.950681579650002,-0.34024273416000006,"G5IIIb+F5:IV",5.942
331.19759341395,-0.9063443785299999,"A5IV",5.271
330.8285169240958,-2.1553649543166666,"B5V",4.69
338.51214041845,-1.5742672225400003,"K0III",5.875
39.4241753374,-3.39617386898,"K0III",5.647
335.41404820054,-1.38734919411,"A0V",3.834
30.918703933079996,-4.10351491786,"M1IIICa1",5.609
353.53756223164,-1.24756130253,"A2II",5.87
356.98559133865996,-2.76159786283,"K0III",5.49
25.68129813648,-3.69019953938,"K2/3IIICNII",4.982
345.3821214164199,-4.711459313609999,"G5II/III",5.933
358.23151328624,-3.1554815552899997,"K0II/III",5.94
336.02868471999994,-4.83701923861111,"B9.5V",5.779
339.43908560581417,-4.228054800934445,"K1.5IIIbCN0.5",5.03
328.54321982718,-4.276175894009999,"A2IV",5.704
34.246014310359996,-6.42211706136,"G8.5IIIb",5.499
23.42848215904,-7.025344111600001,"G1V",5.76
346.2910877495733,-7.693909033353332,"F0V",5.47
335.88395834895994,-7.19441227818,"G8Ib/II(w)",5.907
330.81857563765,-6.522407351809999,"K1IV",5.543
17.14746388517208,-10.18226442669,"K2-IIIb",3.45
335.04965239407,-7.8211019432799995,"B8III",5.339
11.047500376762915,-10.609550734169721,"K0III",4.767
319.54613624695,-4.519479895469999,"B7III",5.812
38.677598518539995,-7.859445169609999,"K2III",5.731
320.26799720254,-4.56012486019,"G8III",5.848
334.21903057381,-9.04005475134,"K2III",5.791
16.5214526772,-9.83935520991,"A0V",5.565
30.1117610550925,-8.523873627365,"M3II",5.51
14.682783552170001,-11.37997519234,"G8III",5.614
21.7148532012,-13.056511098460001,"F0.5V",5.505
14.00620662039,-11.266526045149998,"K5III",5.326
1.1254948012408332,-10.509521917923333,"K3Ib",4.924
357.56137358744,-9.974137041279999,"K1III",5.936
3.727147840099999,-9.56956311346,"B8.5V",5.749
2.6784754465900003,-12.57989823621,"K0III",5.849
35.506382093190005,-10.77753544788,"F3V(n)",5.421
343.36960382423,-11.616514764880002,"B8IV/V",5.78
354.41483333436,-13.06024123397,"G9III",5.654
326.63373798506,-11.36595522792,"A0V",5.567
36.48752435596,-12.290474306709998,"A0V",4.866
320.73441025837,-9.31932802474,"K4/5III",5.965
12.356737188020002,-13.56127105275,"K3III",5.594
39.89082255350083,-11.872097675596667,"F5V",4.87
350.6632130313913,-15.039340144189019,"A3V",5.22
354.94612245626996,-14.22215365198,"A7IV",4.977
1.0824617326100001,-16.52903661857,"K0III",5.769
358.12496110269,-14.251211620359996,"K2III",5.848
355.6806054328888,-14.544905529166666,"B9.5V",4.484
2.81607516478,-15.467977907889997,"F8VFe-0.8CH-0.5",4.89
321.0478825495599,-12.87810896497,"F0V",5.476
30.744040052609996,-15.305930166030002,"K0II/III",5.864
41.030615664194166,-13.858688724180276,"B8IV",4.236
341.92820610903,-14.05642813664,"B9V",5.681
336.11274960446826,-13.529369781918055,"G7.5III",5.752
334.75308664587,-13.30499271708,"K0III",5.959
0.9349492958375001,-17.335991442864444,"B9IVn",4.536
334.2001908858799,-12.831432882360001,"K1III",5.333
3.6600704726100006,-18.932863353932504,"M1III",4.46
11.930088297499998,-18.06133799289,"K3III",5.693
23.65741115869,-15.676360742500002,"A1V",5.607
10.897378736003901,-17.98660631592891,"G9.5IIICH-1",2.01
11.18498385271,-22.006133366990003,"F3VFe-1",5.22
325.76832108434,-14.39971028135,"A9/F0V",5.879
355.39370232905,-18.027074353820005,"K4/5III",5.344
326.00401721056,-14.74937218483,"A7IV/V",5.949
355.44085990105,-17.81653194641,"G2Ib/II",4.83
357.83890973611375,-18.909164140351667,"A0VpSiSr",5.18
353.3192590454091,-20.914495039034996,"A0V",4.758
345.68437711164,-20.870711749309997,"K0III",5.976
318.93684309798,-15.17150133814,"M2III",5.317
325.6646170042121,-18.86632088422667,"G8III",4.726
36.646738519950006,-20.04261697141,"K2III",5.881
332.24579301299,-18.519593397010002,"B2III",5.793
22.40056538389,-21.629336103290004,"A0V",5.104
30.001285296691666,-21.077831669502782,"M0III",4.02
29.94250000685,-20.824538573069997,"M1:III",5.429
33.25411474602,-21.00013472042,"K0III",5.867
12.30812591117,-24.136664070259997,"K0III",5.9
1.94541494525,-22.508556993,"A1VbmA2_lB",5.923
323.71271763191,-20.08426080606,"F5VFe-0.8CH-0.4",5.696
335.39820057389,-21.59823011411,"K0III",5.124
347.47870627107613,-22.457606905887776,"G2III+A2V",4.8
42.759696298533754,-21.00401153253444,"K0III",4.77
316.4867853131225,-17.232862837423333,"A1V",4.07
324.27012965392,-19.466011222169442,"B3V",4.55
22.59543738176,-26.20785162607,"K2III",5.926
318.90791479859,-20.65169521012,"K0II/III",5.152
325.50290452379,-23.26285717881,"K0III",5.24
3.4260174079499994,-26.02235135742,"K5III",5.937
321.03997166228,-20.85186990286,"K0III",5.366
6.811281520710001,-25.54717346361,"K0III",5.969
43.39717638096,-22.376311567229997,"G8/K0III",5.931
321.81175708289,-21.19621434535,"K3III",5.76
333.435139645,-25.18090377607,"F7II",5.584
14.65149693501667,-29.3574533863875,"B7IIIp",4.27
8.42100578026,-29.558277501109995,"K1III",5.541
359.86623274169,-29.485165487130004,"K5III",5.573
0.58302942717,-29.72044125463,"B5IV",5.022
357.23144264722794,-28.13027124748695,"A0VankB9((_lB))",4.57
5.379992740239999,-28.98147020636,"K0III",5.167
44.52388741507,-23.60601042793,"K2III",5.809
320.75206122297,-22.66904678252,"M0III",5.6
347.43595977357,-28.088569406940003,"K2III",5.868
22.93022665347834,-30.28309789866806,"K0III",5.788
347.08774462098995,-28.823700840799997,"G8III",5.6
31.122689823389166,-29.296804696866115,"B9.5IIIspSi",4.69
355.15895331927,-32.07312418005999,"K0III",5.303
15.610129411270002,-31.5520138252,"A1/2IV",5.501
42.47576098675,-27.941983186010003,"A1V",5.377
33.22695832342,-30.72382604363,"A0V",5.26
4.036944674,-31.446390935460002,"K2III",5.642
2.01452874993,-33.52932471582,"K1III",5.662
349.7059899949562,-32.5320219169586,"K1III",4.406
343.98708414699,-32.53962393681,"G8III",4.208
324.04572385261,-26.17151576556,"A7/8IV",5.725
339.14766721076,-31.663790803019996,"K2III",5.808
57.14782369555001,-37.622003447270004,"A1Va",5.25
345.87423107535,-34.74941542453,"F1VFe-0.8",5.124
21.7420579928,-32.54317756523,"C-N5+",5.72
24.614516258279995,-36.52825018887,"K0III",5.939
18.18930199805,-37.85647767453,"A9(IV)(+F/G)",5.934
39.5777557365,-30.194064071630002,"F6VFe-0.7CH-0.4",5.829
39.03860331011,-30.04497832598,"G8/K0III",5.729
318.32219709392,-27.619364065149995,"K3III",5.388
332.48208802449994,-34.01496600251,"A5IV",5.371
25.512474237019998,-36.83230375444,"A0V",5.698
15.326147515519999,-38.9165284217,"K1III",5.582
316.50474179211,-30.12514533774,"K0/1III",5.687
337.1633760344,-39.131790640030005,"G8III",5.473
348.74424947786997,-41.10539455986999,"K2III",5.768
349.54118352278994,-40.82436196499,"F4V",5.537
329.09487781906,-37.25365462157,"A3V",5.443
315.32278484967463,-32.25773009806862,"G8III",4.654
323.06070734584995,-33.94462598285,"A2V",5.958
316.60282206993,-32.341618958450006,"K2III",5.196
16.94926386608,-41.48684313569,"A1(V)+F1(V)",5.207
21.169943891490004,-41.492545635540004,"K0III",5.417
321.59531039068,-37.8294305069,"K2III",5.62
339.24522230854,-40.59103502877999,"A1V",5.874
329.82463316208,-38.39509523727,"K1II/III",5.495
318.32900644752,-36.42352823035001,"K0III",5.954
333.90382843591,-41.34676263147,"G8III+G",4.798
132.46455656227,-32.78053701398,"G8III",5.194
331.52868672390497,-39.543353005568605,"K3III",4.458
347.4889458200733,-42.86124188860445,"F5V",5.83
132.34052434578,-3.4430253995299998,"B8IIIpHgMn",5.31
134.14219417796,-16.708749141420004,"K3III",5.929
133.84844248935084,5.945565210399724,"G8.5III",3.1
133.9814460193,11.626024724329998,"K5III",5.44
134.62168421127,11.8576804028,"kA7VmF0/2III/IVSr",4.249
133.91533538552,27.927482181129996,"G8III",5.225
131.59393502428,-13.54772364866,"G8IIIbCN-1",4.32
129.46730329812,-26.255000126109998,"A0V",5.27
130.02559701234668,-35.308355114771395,"G5II/III",3.954
134.88606074984,32.418559306780004,"G9III",5.22
134.23582366197,32.91042794268,"A7IV",5.436
129.68932270518832,3.3414351882730555,"K1III",4.43
129.41403113663,5.70378776223,"A0Vnn",4.131
130.91822701949124,-7.233728474508057,"G1Ib",4.625
131.81244095145,-1.89703689817,"A0V",5.279
132.10821118485208,5.837812490561667,"A0Vn",4.337
130.82144642293792,21.468498799990275,"A1Va",4.652
129.57908811702,32.80201682758,"K2III:",5.95
128.86749495767,-7.9822938393800005,"A1VpSrCr",5.72
127.2125108679,-9.74858678707,"F3/5III",5.989
126.67480302689,-12.53460415238,"K1/2III",5.52
127.61921216343002,-32.15928297679999,"K3III",5.588
128.17706751071,20.441162241020002,"K3III",5.325
127.15558131684,14.21082424424,"A5V",5.948
129.27403693521,9.655578089720002,"A3V",5.91
126.61335804596419,-3.9874303180216666,"F0VmA6",5.59
128.68285268588,36.41962006215999,"A2Vnn",5.751
126.61544183214,27.893580644769997,"K5III",5.57
124.57248002219998,-35.45170455848,"K2III",5.578
127.87716449453,24.08110770302,"F0IIIn",5.694
125.34594178783,-33.05436507907,"K2+IIIa",4.8
126.14589243887998,-3.7512424922400003,"F6V",5.61
126.41513277136585,-3.9064272186819444,"A0Va",3.9
126.48162523151998,-14.92966121014,"A3(m)A3-A7",5.951
126.26559147792,-24.046219377159996,"K4.5IIICN0.5",5.301
125.72539397794,-7.54312191002,"M2III",5.918
126.2299149134,-23.15374523618,"A1III/IV",5.669
126.32917392875,-21.045956268949997,"F2V",5.987
125.13390147397001,24.022311148900002,"B9.5V",5.93
125.08738303788002,20.74772120559,"K1III",5.798
122.83955595925998,-39.61854410984,"K4.5Ib",4.42
126.47819608049001,7.56450404808,"G6III-IIIaFe-1.5",5.122
123.37298864750126,-35.89951823549249,"B1V",4.77
123.55523425451,-35.49001878514,"K1III",5.765
122.25681828545373,-19.245033974607498,"B5V",4.393
121.82516665102003,-20.5543431515,"A3Ib/II",5.338
122.88751843737,-7.77253902531,"G7III-IIIb",5.354
123.2869502501,29.656537988909996,"B8VpSi",5.605
121.26870430222,13.11821651265,"A1V",5.136
121.5766480598,22.635487654900004,"M3III",5.99
121.94106771398005,21.58181300396,"G1IVb",5.3
122.14853373998083,-2.9837876605491664,"G2Ib",4.33
118.26461098387001,-36.36376820744,"K1IIICNII",5.418
120.40635921274999,-37.28372103541,"A3IV",5.893
119.86822163398753,-39.29691741539861,"F3V",5.224
120.76733638377003,-32.46354912004,"K2/3III",5.808
119.41710944213999,-30.33457124228,"A7III",4.79
119.77381262427,-23.310396533719995,"G9IIa",5.11
119.96686484006,-18.399216912030003,"A1V",4.61
118.19940212642791,-5.428136048959445,"F5IV",5.765
119.93397109641002,-3.679585669759999,"K1III",4.934
120.30556233273833,-1.3926069037644446,"K4III",4.68
120.30790951171001,4.87986726041,"A1V",5.64
116.85413566343001,-38.51114179516,"B2IV/V",5.068
116.54393424337,-37.93367765442,"B5V",5.869
115.31588573765,-38.53353312559,"B3V",5.393
117.31103949739999,-35.243286252989996,"B9V",5.936
116.14242928401,-37.942919581640005,"B8V",5.87
115.79992996089999,-36.0500899699,"B5V",5.585
115.95195672770251,-28.95482621033833,"A4Iabe",3.93
116.04035957875999,-36.06250530421,"F0IV",5.784
115.88494452232,-28.41088574833,"K5III",4.59
117.25697385570999,-24.912247143849996,"G1.5IIIFe-0.5",5.313
115.70063491152,-26.35132650598,"K1III",5.628
117.02153597080543,-25.93716960934917,"B1IVe",4.49
117.92927037884,-21.173660095829998,"G9III",5.607
116.80230951741,-22.519509722570003,"B1/2V",5.87
117.32355646601665,-24.859783879637224,"G6Ib",3.3
116.48695651906002,-14.56380519564,"F2V",5.026
117.54406852993,-9.183441935519998,"K2III",5.598
118.07866213611999,-14.846177928329999,"F1Ia",5.689
116.37139699746,-14.690534724779997,"A5/8",5.997
116.56750514761,10.76825170496,"A1Vnn",5.237
117.42167260860002,-17.22840846556,"K3III",5.162
115.39647932105,3.6247791288299993,"B9.5IV/V",5.942
115.51340867915003,14.20850619719,"M3+II-III",5.56
115.4660263063,13.480456056860001,"M2III",5.8
114.99162956189,-37.579424278110004,"B5IV",5.996
114.94947883364,-38.26065232835,"B3III",5.747
113.46267307913001,-36.33839242677999,"B2Vne",5.44
114.34212409285259,-34.96853080332605,"B8IV/V",4.53
114.68291098197,-36.496832824310005,"B3III",5.8
114.86391100082002,-38.30802345296194,"B3V",4.84
112.67750823300001,-30.962280535559998,"G2Iab/b",4.65
115.05636920919001,-19.660860114159995,"K0III",5.921
113.33151923514,-19.41252566428,"K0III",5.63
114.17098015983,-19.70234028338,"B2III",5.699
115.09671017844005,-15.26391964179,"K3III",4.951
112.69779651893,-9.77687707708,"G8/K0Ib/II",5.82
113.02401215188002,-8.88132645862,"G0VFe-1.6CH-0.5",5.916
113.56621917976,3.3717243208,"B9V",5.817
114.31954594257,-4.11098163128,"F6III",5.131
113.02478678059,1.91447967575,"F0V",5.233
113.29860726374,3.29037918403,"F1III-IV",5.571
113.40201192934876,15.82666451063528,"A1Vp",5.263
113.98062505905,26.8957444986,"M0III",4.06
115.24382743493001,23.01852863277,"K5III",5.906
113.78668011765,30.96091795651,"K0III",5.347
111.02375950100142,-29.303105508471724,"B5Ia",2.45
112.27047814001001,-31.456217921640004,"B2IV",5.768
111.99649950784,-29.155898710219997,"B9V(pSi)",5.542
109.71364057652,-26.58585586451,"G2Ib",5.288
111.1827256523421,-31.80890474440223,"K1+III",5.28
111.67694015411,-34.14069429493999,"B3/5V",5.884
110.26805031417,-25.891644920390004,"M3-III-IIIa",5.886
111.35528232038,-25.2177650869,"B5III",5.782
111.74784452361,-23.08602491098,"B0.5IVe",5.56
110.87080257774,-27.834294832660003,"K4III",5.356
110.55637222219082,-19.016601219997224,"B5II/III",4.95
110.24285415208,-14.360490199369998,"G8/K0III",5.584
109.84322667809002,2.74067606984,"K0III",5.887
112.3569207766144,-7.5512361294434,"F6V",5.853
110.60579136620001,-5.9828289142,"F2III",5.816
112.3421147007,-10.326666729929999,"K4/5III",5.706
112.32778360260001,-1.9053254119300005,"K3/4III",5.572
111.73470184051,20.25755477192,"F2Vn",5.935
111.24241675114,11.669522913139998,"A5IV",5.361
110.48692412764,20.443658132479996,"M0III",5.08
111.4120820166,9.276090422389998,"G6IIb",4.986
107.21278393703878,-39.65565530021945,"B3IV/V",4.83
111.03528149538,40.67238885597,"K0.5IIIa",5.188
110.86879707615,25.05053128344,"G8II",5.022
109.63963547289,-39.21028419722,"A0V",5.243
109.13270760601,-38.31892240331,"B4V",5.797
109.94852225913002,7.1429477496,"F8IV",5.91
109.57663990648459,-36.73395236853278,"B2V+B3IVne",4.67
109.65910581468002,-36.74273748114,"B3Vne",5.11
109.20586760064002,-36.59263290687,"B3V",5.009
108.83778388794,-30.68644939833,"B2V",5.337
108.71317170891001,-27.03799518312,"K5III",5.582
107.58050321567002,-27.491519156640003,"G9III",5.448
107.92335322934,-20.88306099399,"A0IV/V",5.825
108.05089461894002,-25.942587800760002,"B2IV/V",5.897
108.56466389371,-9.947532914840002,"K1III",5.882
108.93017361002,-10.58360286278,"K0III",5.94
107.55700626103001,-4.237106959790001,"K0III",4.92
108.10990093406,24.12859388949,"F5III-IV",5.85
108.34281597940002,16.15896421893,"M4III",5.0
108.63592026803002,12.11582402931,"G6III",5.702
106.95620413879,7.47121472539,"K0III:",5.739
107.09183131044,15.930676617520001,"G8III",5.476
105.988813423455,-43.608034961019165,"G1.5V",5.28
108.58359473584,3.11141726386,"K0III",5.343
105.75613058900544,-23.833293974200288,"B3Ia",3.02
106.84411415091,-23.84071495219,"B3Vne",5.83
107.78487630737042,30.24516376985388,"K2III",4.42
105.27477609805,-25.21563380835,"B2/3III/IV",5.635
104.64957848448,-25.414153706350007,"B2V",5.583
104.65645315148348,-28.972086157360806,"B1.5II",1.5
105.42978350186792,-27.934830340443888,"K5Ib",3.47
105.93955612216459,-15.633287003608888,"B8II",4.12
105.09898544447002,-8.406818507470001,"B8III",5.939
106.02186390366,-5.3239751459699995,"G8IIICNII",5.602
105.48493171682001,-5.7220631309600005,"K5III",5.192
104.73760159247,3.60235571945,"K0II/III",5.947
106.84332750636001,34.00928883292,"K4III",5.93
105.06593071840001,16.07899588528,"K3-Ib",5.69
104.10763680909,9.956573690559999,"B8Vn",5.897
105.82464262703,9.138357838330002,"A3Vs",5.953
106.54829901809002,34.473967846079994,"G8IV",5.551
105.60324996883,24.2154462533,"G5IIa",5.181
102.92675305616,-36.23027219405001,"A3V",5.94
103.76140835122,-20.4048771756,"A2V",5.792
103.90596016133,-20.13649690453,"F1.5V",4.664
102.59728439913,-31.7060578637,"B6IVe+A",5.747
101.83916367212,-37.92969722748,"B8V",5.26
104.0342691434642,-17.05423863054111,"B3Ib",4.385
101.66256708990001,-10.107359743220002,"A0IIIe",5.646
101.90508740908,-8.998502719730002,"M1Ib-IIa",5.062
103.54749525536,-12.038628101049998,"K3/4III",4.08
101.49747546102,-14.796129019729996,"A1IV/V",5.298
101.71288465562,-14.42597548303,"B8/9III",5.272
103.60271451233,-1.1269469964700003,"A3V",5.435
102.07944289218,-1.31892339786,"F0V+",5.731
102.31835743151001,-2.27204733194,"B8V",5.75
103.20612846857001,8.3803970908,"F0Vn",5.742
103.66099228198793,13.177845317954445,"kA8mF0Vp",4.715
102.60624439025,13.41317871781,"K3III",5.672
102.88769326208,21.76114529117,"A2V",5.259
102.42213944981,32.6067597106,"K2/4III",5.708
102.69143033957,41.781230547750006,"K3III",4.975
98.64721200552,-32.71625298,"B8IVe",5.61
99.09521767726001,-18.65990398514,"G8/K0III+F/G",5.695
99.81966430456,-14.145761875750003,"K2+IIIaCN0.5Ca1",4.812
99.1941585581,-13.321021254489999,"K4/5III",5.939
100.48493858445,-9.16753478081,"K5III",5.194
99.4484087819546,-32.33973346719,"K1III",5.258
98.45616691726,-36.23202640844001,"K3III",5.405
100.27267068314,0.49532234044,"B8III",5.765
99.59587721595001,28.984337537740004,"B9Mn+F0m",5.744
98.80025901727001,28.022310803930004,"A0Vnn",5.26
99.94882152862,12.9827697938,"A2V",5.978
98.08907307559,-37.69672370210999,"G8III",5.253
99.70491833077,39.90255952769,"B8III",5.331
97.80455602497001,-35.25885726744001,"G8IIb+A3III",5.82
97.54698446422,-10.08151264284,"K1III",5.909
95.98297427492,-25.57763161416,"K5III",5.6
97.84602339767,-12.391974910980002,"K1III",5.153
96.98986680181083,-4.7621476108591665,"B2V",5.041
97.95860089202,-8.15822198496,"K2III",5.411
96.80733781849,0.29924419928,"K1II",5.186
96.66495771018002,-1.5073330856,"A1V",5.854
96.81496350142,-0.27600142247,"K2/3III",5.538
98.40800582085,-1.2201536769699999,"B5IV/V",5.079
98.08001622857,4.85599827378,"K0III",5.83
96.30416531705,7.08571071747,"G3Iabv+A0p",5.98
98.11326986060001,32.45489789697,"kA3hA3mF0+kA3hA3mF0",5.829
98.400685134,14.155164698739998,"K2III:",5.553
97.95124473263,11.544411766650002,"A5Vp",5.21
95.74011192619564,22.513582745904277,"M3IIIab",2.87
97.14203410228626,30.493035999127777,"F5.5-G0Ib",5.55
94.71076045328,-9.390018230320003,"K1.5III",5.352
94.03204763378,-16.61800651764,"B2/B3Ve",5.91
94.13806452051917,-35.14051510013389,"G9IIIbCN0.5",4.37
95.15099912862,-34.14414357456,"B3V",5.521
93.78501010769001,-20.27218456141,"K2III",5.868
93.82386232433,-18.47724073497,"K1III",5.984
94.92065312954,-34.39659084816,"B9V",5.749
94.28984611246001,-37.25355262887,"A2Vn",5.872
94.55720199962,-19.966973580909997,"B2/3V",5.501
94.14828345292,-39.26439311866999,"A5II",5.983
92.96589306886,-6.55028342077,"B2V",5.04
94.92833349119,-7.82290591822,"B2V",5.252
94.27758283363,9.942393052579998,"A2V",5.386
93.65292793118,-4.568455896249999,"B5II/III",5.819
93.85470150666,16.143165284179997,"B7V",5.327
95.01759990923,14.651129548359998,"K5III",5.658
93.71935536055373,22.506787327170834,"M2IIIa",3.28
93.00558915104,19.79054153134,"B9.5V",5.749
92.24112241124,-22.42739337425,"A0V",5.48
91.63373493248,-23.11084837248,"A2V",5.46
91.76528953307,-34.31202217808999,"B5Ve",5.836
91.52308021766,-29.758624062130004,"A1V",5.784
91.92349226942,-19.16586655297,"M1III",5.279
92.39384980046,-14.58461809038,"K2III",5.555
91.66140159993,-4.1938356597799995,"B4III",5.362
90.97993487768,20.13845226149,"B2Ia",4.63
92.38515413698,22.190265009410002,"K4III",5.904
91.8930213474954,14.768475205429999,"B3IV",4.397
90.86401642466,19.69056282255,"B8V",5.13
89.05946513785,-22.839976160269995,"K0/1III",5.945
88.71867915158,-39.957859615130005,"M0III",5.543
88.87464508704,-37.12068315822,"K1IIICNII",4.961
89.65644605053,-44.034560315899995,"G8II",5.802
88.13827100325,-37.631061873449994,"K1III",5.615
88.68179404027,-11.774193908749998,"K4III",5.613
88.87571478683,-4.61654448427,"K1III",5.857
87.55443919838,4.423405639449999,"K3III",5.936
87.84159848051,-7.518003030749999,"B2V",5.341
89.60184591329,1.8371083815899998,"A8V",5.886
88.68348584556,0.9686156470400001,"K0II/III",5.975
87.62511429562,2.0247029092500006,"K1III+A0/1",5.976
88.59576245541668,20.276172788333334,"G0V",4.4
87.38720972302957,12.651322412640832,"B9V",4.875
88.09752654564,19.867847271519995,"K0IIb+B8IV",5.985
87.25404562438,24.567460751190005,"G9III",4.873
87.74212581701,27.96786198373,"G7III:",5.582
88.33185937942498,27.61226194180028,"A0V+A0V",4.552
89.49857057937459,25.953912167651104,"B1Ia",4.82
87.76015536901,37.30556969497,"M0III",4.74
85.8402955163,-18.557475454980004,"A0V",5.727
86.73892235277415,-14.82195015846389,"A2IV-V(n)",3.525
86.115794237325,-22.448385487848334,"F6V",3.6
85.5581615811,-22.373714025280005,"A2/3V",5.89
84.68136530257,-40.70731026029,"B8V",5.804
84.91225429958334,-34.07410971972223,"B9Ve",2.65
85.7246422625,-6.796168401388889,"F5V",5.965
84.72117993594,-7.212829772149999,"A4Vn",4.8
84.87979410772,-3.5647041898000005,"A9V",5.974
86.71722598343,9.52233982787,"G8III",5.768
84.50466187883,7.54141668744,"B8III",5.852
84.93416997617,25.897094451389997,"B3IV",5.166
84.68652242855,-2.60007866108,"O9.5V+B0.2V(n)",3.79
84.65868790249999,30.492418163333337,"A2.5V+F6III",5.406
84.82630647296,29.21521912581,"B2IV-V",5.984
84.41118926291666,21.14254411222222,"B1IVe_shell",3.03
83.28078088357,-35.139374215749996,"K0III",5.758
81.77213161835,-40.94352417905001,"A5mA5-F2",5.847
82.06389586107,-37.23076323875999,"A0V",5.552
83.21422089331,-38.51336962498,"K2/3III",5.456
83.76117628813041,-6.002030097000834,"B0.5V",4.72
82.78178288669,-20.86365767743,"A0V",5.525
82.06134536679916,-20.759443885748333,"G5II-IIIa:",2.84
83.91451731516,-4.8560665491,"A9IV/V",5.234
83.00166705557675,-0.29909510708333326,"O9.5IINwk",2.41
82.34868594038,-3.4463931662099996,"K1-IIIFe-0.5",5.78
83.51686472838,-1.47024238146,"K4III",5.895
82.47822588061,1.78925924689,"B2V",5.745
81.94003372563,15.874050497600004,"B9.5Vn",5.515
83.47617711541,14.305567720220001,"B3V",5.593
81.79206161643,17.96221126321,"B5V",5.404
82.60901566315,15.360447159719998,"A3Vn",5.934
83.86304857929709,24.03959602108222,"B2.5IV",5.38
81.90868401411792,21.936968078639445,"B2.5V",4.868
81.57297133176498,28.607451724998228,"B7III",1.65
81.78446816178,30.208602732489997,"B9Ib",5.72
79.89384295078916,-13.176769401368889,"B0.5V",4.29
81.70334836509,34.39180684884,"A1p",5.905
81.49927158933,-19.695403028980003,"F5V",5.817
79.41767462626,-13.51982671585,"G8IV",5.488
79.9959299667,-12.31558626441,"B7/8V",5.284
82.70271312383,41.46199221078,"K0.5IIIbCN0.5",5.991
79.37120307901542,-34.89520076723778,"K1IV",4.83
81.18678077013,1.8464449765800002,"B1Vn",4.96
79.84868759155,-27.368884504409994,"A0V",5.972
80.38268332444,-0.41649286714,"B5II/III",5.68
80.44061398642,-0.38246687060999995,"B2IV",4.74
81.12040407519,-0.89133481924,"G9III-IVBa0.5",5.072
80.4315099249,8.428555355439999,"B1V",5.8
80.70834994391,3.5444587383899995,"B2IV/V",5.0
79.01722775685,11.34135505115,"A0V",5.515
78.85164248557,32.68759991105,"A8III",5.0
81.16049893201,31.143148339779994,"B9III",5.925
81.16308949573,37.38534910029,"K3IIICN+2",4.996
79.07562221034,34.31231789,"O9.5V",5.96
80.00383791342,33.95805412730001,"A5II+",5.03
80.45173560495,41.8045720426,"B4V",5.207
76.85401324417,-12.49127042479,"G0IV",5.956
75.9719660309,-24.388147513309995,"A2IV",5.582
78.20053726893,-6.05718940505,"G7III",5.892
78.68353793816,5.15614675406,"K4III",5.494
76.9516651361,20.41837644628,"A5IV",5.28
77.18207796725,-4.456208286160001,"F5.5VkF4mF2",5.119
77.82990136466,-2.49078245837,"F5V",5.892
77.42482144179,15.597213047200002,"F2IV",4.82
76.14228828818082,15.404102144530556,"A1VpSiCr",4.661
77.92318365680417,16.045674973157777,"K5III",5.163
77.02759314779,24.265174608780004,"B2V",5.5
78.35717509811,38.48449878275001,"A4m",4.821
74.98223662798,-12.53741678567,"F0V",4.77
75.54092304784,-26.27502794006,"K1III",5.002
74.96022282619,-10.26331016339,"G4IV-V+DA",5.39
73.77843432822,-16.740666319009996,"G8/K0III",5.688
75.35658563567,-20.05191896613,"B9V",4.885
74.10077803833,-5.17135679291,"B5III",5.482
75.68741198181,-22.795052603429998,"K1IV",5.738
75.68914511597,-4.210121139389999,"K2IIIbCN1",5.853
75.45980285334,0.72210932878,"K2III",5.908
73.56290435241,2.44067165846,"B2III",3.73
73.71128753819,0.4671664261099999,"B5/7II",5.965
73.34489101338417,2.508224484701389,"M1III",5.324
74.63709287275,1.7140135367600002,"K2-IIb",4.459
75.59501857598,-31.771334112430004,"K2III",5.903
73.69909180013,7.779096308639997,"K1III",5.324
73.6953965534,11.425983064750001,"A3V",5.184
74.53913355463,25.05040692164,"A0V",5.785
74.34310357125,17.15366618407,"K1III",5.49
73.72386707883084,10.150834290816942,"A0Va_lB",4.648
73.15825144049,36.70318808734999,"K3-IIIBa0.4",4.779
73.19632077549,27.89748982994,"F2IVn",5.961
71.02216969763,-8.5035701902,"B2(V)nne",5.81
71.26733764243,-21.28338181567,"K4III",5.692
72.13555678588,-16.329486473449997,"F8V",5.755
70.7887207319,-30.765560174459996,"K3III",5.663
72.54840064932,-16.21715991045,"K0III",5.028
70.56124685498,22.95690281483,"B3V",4.258
72.47765909158625,37.488279635840286,"K3+III",4.867
72.3035300146,31.43737438307,"K1III",5.578
70.33233932781,28.61498841181,"A2V",5.729
70.01424971305,12.197612973030001,"B8IV",5.445
67.66804007296,-35.65351036067,"K0II",5.95
68.15647389149,-3.2095402311200005,"B9III",5.81
67.9694526219,-0.04401106574,"K0/1III",4.896
69.07975799391498,-3.352460484701945,"B2III",3.928
69.40055253787,-2.47354881285,"F0IV",5.209
69.78843010869,15.799836456019998,"kA4hA5mA7",5.076
69.56595901186,20.684724857009996,"B8V",5.842
65.773595174,-24.89213949775001,"K5III",5.796
67.16265529629,-19.458873136619996,"K2III",5.933
65.17186819176,6.1307917763,"G8III-IV",5.751
65.96593970003681,9.460970529437562,"A3V",5.098
65.17847543305,-7.592496030900001,"B7II",5.838
65.92021681301,-3.7454680670199996,"A1V",5.165
66.65154769028,14.7137818582,"G7IIIFe-0.5",4.69
67.27885587423,-13.04836882478,"B2(V)ne",5.41
64.9904357136,14.03520339208,"F0IV",5.568
67.1098746163,16.359674945809996,"K1IIIb",4.969
67.14374134289625,15.962283658173055,"G9IIIFe-0.5",3.84
64.90293703909,21.77349078551,"A0VpSi",5.346
66.8227117865,22.99632727822,"B7V",5.514
64.85873995604,21.142305268929995,"B9Vsp",5.482
64.94834968291876,15.627642051424726,"G9.5IIIabCN0.5",3.65
67.15416772966458,19.18043420581389,"G9.5IIICN0.5",3.53
66.12148060809,34.13075773628,"B8V",5.718
65.88485952435,20.98204502355,"B8IV-V",5.986
65.06010695908,41.80811889589,"K0III",5.958
66.52629624918,31.43890819347,"K0III",5.284
65.10265794747,34.56672594375,"G8+IIIb",4.929
62.83450933128,5.5230522221200005,"F4V",5.699
65.08840040522,27.350752305159997,"K2III",4.951
62.69901422057999,-8.81981544866,"K1III",5.689
63.88357525019291,8.892355084943333,"B3IV",4.279
63.650969196199995,10.01140720061,"B9Vn",5.218
62.96641270133917,-6.837579624323332,"F0III",4.026
62.32431692158,-16.385855627489992,"B5IV",5.435
63.38787685874999,7.71611596324,"F2V",5.29
62.25654459875,13.39828157901,"B9.5V",5.927
64.31525469368,20.578597379489995,"A3m",4.914
62.291525084090004,19.609217126980003,"K2III",5.504
62.74593413137999,33.58677856674,"K2-IIICN1",5.74
60.44222756109666,9.998016646774444,"B5V",5.691
59.50735758877376,-13.508514805984444,"M0III-IIIb",2.94
60.93585189097,5.43561827859,"B5V",5.33
63.72221833652,40.48364037799,"G5II+A2V",4.691
59.87555202323001,-12.574424677109999,"K4III",5.589
59.981182366400006,-24.01621588763,"ApSi",4.66
57.14876497809,-20.9029771418,"K5III",5.801
58.41228080751,-34.73229730668001,"B6/7V",5.092
61.65171914532,27.599900041560005,"Ap",5.172
56.91520872628001,-23.874677463020003,"A3Vs",5.235
58.17353643379,-5.36122718391,"B8III",5.475
56.53556341675,-12.101588482009998,"M1III",4.42
57.36352607903708,-36.20025674197,"G7III",4.17
56.41851402924999,6.049995930339444,"B3V",5.337
57.16230721053999,0.22786064819999996,"K2III",5.901
58.59652911088,-40.35700557813,"G8/K1III",5.705
57.06777822257041,11.1432989279525,"B3V",5.07
56.58160786306708,23.948358938116662,"B6IV(e)",4.18
57.086736594479994,23.42124885473,"B8V",5.45
57.578921751196305,25.5793744292989,"A2IVp",5.234
56.45670064515208,24.36774376828833,"B7III",3.87
57.97382806527,34.35911759721,"B1V",5.772
55.708562114702914,-37.313516819271946,"K1.5IIIbCN0.5",4.583
54.21826543507,0.40166447161916674,"F9IV-V",4.3
56.235405196609996,-0.2967206424,"K3III",5.553
54.62188673588,-7.391861425309999,"G8.5IIIb",5.849
53.9902781405,-11.193785094299999,"K0III",5.58
54.072517123,-17.46707564111,"B8/9III",5.23
56.13101386634,36.46009427221,"kA2hA4mA5",5.588
52.00394513333,-11.286597353310002,"K2II/III",5.73
52.08625238775,33.80755759108,"A2V",5.73
53.14976389956,9.373449983259999,"B9III",5.757
52.68925064357,6.18870466597,"G8III",5.927
51.203326327090004,9.02886962001,"G6III",3.6
49.592125613118334,-22.511104284283615,"K0III",4.875
49.89544459524,-24.12290172764,"M1III",5.622
48.95844035892001,-8.81973238362,"kA4hA9mA9V",4.8
48.109849345440004,6.66088570356,"K1IIIep+A6V",5.568
48.83516564975,30.55668928183,"A1Vs",5.61
50.30676927082833,21.14706637635833,"B5IV",5.355
49.98248255517,27.07113008989,"G7IV",5.918
49.14661904149,32.18402972998,"G8IV",5.994
48.72540966679999,21.044447008140004,"A1V",4.869
45.59382482022999,4.3528862234,"B8V",5.607
45.48382952383,-9.961403614990001,"K1III",5.837
45.67620039429001,-7.68547727902,"K0III",5.336
47.40308672423,29.07708184679,"B8III",5.74
45.29177545416,-7.663009111270002,"G9.5III:",5.75
149.42106013696,41.05563188506,"F6V",5.104
165.06126957358,45.52627396583,"K5III",5.448
145.50142668899,39.75785286967,"G8III",5.61
143.76595730048,39.6214926432,"G9.5IIIbFe-1",4.8
46.598695445349996,13.187250925530003,"K3III",5.635
45.56988780332224,4.089738771805157,"M1.5IIIa",2.53
136.63236601269,38.45221393586,"G7IIa",4.539
196.46778026805998,45.26855247742,"K1III",5.637
176.51255861980331,47.77940424229889,"K0.5IIIb:",3.72
184.95296081512998,48.98414636519001,"M0III",5.29
201.56917638168997,46.02805688072999,"K0III:",5.873
169.17437570458,49.47624860772,"K0III:",5.873
184.37333313590997,53.19133189697,"K6III",5.81
193.73550174004,47.19672234496,"M5-III-IIIa",5.84
219.70927208622,44.40450224947,"A0V",5.387
186.00622618936,51.56225684355001,"G7IIIBa0.3",4.761
133.04903474144,45.31282031648999,"K0III",5.956
134.20813585082,45.63164604556,"K1IV",5.711
132.98679427694,43.72660400124,"K0III",5.148
147.14738061867,46.02100739317,"G0.5Va",5.1
176.73175952512,55.62818900445,"K2.5IIIbCN1",5.254
159.77356498535,53.66829963215,"K3III",5.537
219.55245410354996,43.64212726353,"K4III",5.721
186.89626251848998,55.71272338799999,"M2III",5.7
232.94576269019004,40.89933486302999,"A2V",4.978
204.87686642934997,52.92120763437,"A2Vnp",5.456
139.37991153834,46.81722850583,"A1V",5.938
234.45665857428997,40.35343467356,"G7III-IVFe-2",5.254
232.73233166371995,40.83304840815,"K4.5IIIbBa0.5",5.026
160.93052694605,57.19919967805999,"A0III",5.782
148.02647655093364,54.064332289441886,"A3IV",4.557
158.79039056701,57.08263536531,"F2V",5.148
162.79586820288,56.58225735606,"K2III",5.661
130.25445795281,45.83400586866999,"G8IV",5.359
151.15134370855,53.89171443368,"F5V",5.708
135.90636507404153,47.15652472719766,"A1Vn",3.55
216.2991539590004,51.85074367335807,"F7V",4.05
178.9934047805,56.59855774904,"K1III",5.824
206.64856994852997,54.43267876629,"A0VpSrCrEu",5.675
208.46255842051,53.72867641054,"A0V",5.695
185.21201173537,57.86411906194001,"K5III",5.524
137.2177373836521,51.604647750470555,"kA3VmF5IIISr",4.48
189.09777201445996,59.48693902682,"M4-7e",5.5
146.63193572702,57.12806888069,"M3III",5.2
238.16892103821044,42.45151746635472,"F8VFe-2Hdel-1",4.62
238.87746643140997,42.56619206149,"B9pe",5.75
218.12887212911,55.39799479511999,"K5III",5.718
149.96536301727,56.81180649952,"K5III",5.485
219.56342300701,54.02334039339999,"A1V",5.83
136.00166560547,54.28388290438,"A2V",5.74
129.82342947453,52.71162364913,"K1III",5.891
138.95742350642,56.74140711286,"K4III",5.266
207.85796514593542,64.72328127628585,"M3.5III",4.66
207.43965397524,61.48930734864,"G3V",5.964
118.67790932874999,47.56459331475,"K4III",5.446
242.94832842756,42.37456654389,"K4III",5.868
122.11437885215707,51.50666498681472,"A2V",4.797
115.30166204684998,48.13153269845001,"K0III",5.581
193.86895235071998,65.43847420237,"F3IV",5.225
156.0326953299,65.56642260365,"A1:VpSiSrHg",4.93
194.97946482376997,66.59726888114,"K0III",5.368
175.61817414332,66.74490648159,"K3III",5.308
234.38336435182003,54.50873022556,"K1III:",5.845
235.71150087874997,52.36090107231,"A0VpSiCr",5.482
240.69957424293,46.03670386587,"B9.5III",4.709
188.68341369812998,70.02177924793,"K2.5IIIFe-2",4.946
142.88211696306456,63.06185995089555,"F0V",3.67
161.26679388016,67.41138307285,"C-N5",5.95
172.85092364299916,69.33107573011195,"M0III-IIIaCa1",3.85
238.06898409022997,55.82671215739,"G8III:",5.8
111.67855088726876,49.21152707020945,"A0.5Vs",4.61
236.90802890062002,55.3766255885,"A3m",5.878
160.45107713346,68.44350080022,"K3III",5.729
137.7293415982,63.51367121287,"F6IIIn",4.64
125.1085828441,57.74327955619,"F4V",5.877
160.76683631799,69.07621382566,"K3III",4.992
236.6448296251,55.47478833372,"K3III",5.917
127.56612565266667,60.718168223941106,"G5III:",3.42
144.86614413138,67.2722291233,"K5",5.947
134.15602225986,64.60382733464,"G7IIIb",5.56
128.65074955542,65.14511307487,"kA3hA5mA7s",5.453
204.29578186349,71.24224931341,"K2III",5.496
145.56175522117,69.23753367207,"G9III:",5.717
124.82150023566999,62.50715622992,"G8III",5.723
230.66003511956998,63.34146518569,"K4III",5.712
137.09791530152,66.8732339353,"K5III",5.136
109.63323868927,49.4647557906,"A4IIIn",5.05
109.39049362101,52.13106736172,"K1III:",5.918
120.33657437791003,59.04740239118999,"F2:V:",5.772
249.04667391455,46.6133311674,"G8II",5.814
135.63621448841,67.62961744952,"M3IIICa1",4.76
143.62024780327,69.83034070608,"G5III-IV",4.57
201.53360675739998,72.3914739379,"M1III",5.79
149.59477079984,72.8794716996,"K3III:",5.835
194.69724864426996,75.47252204936,"K0III",5.99
143.72303105744,72.20567978627,"F7V",5.768
127.44248122383001,67.29743966654,"G8III",5.884
145.73828685867,72.25261763163,"K0III",5.142
104.13357489229,46.27399881287,"B8IIIe",5.87
104.23354082421,46.70535190977,"K0III:",5.877
104.40461340335541,45.094093919998336,"A2Vn",4.893
222.67635749796767,74.15550393675127,"K4-III",2.08
236.66669321672,62.59955643167001,"A2IV",5.194
232.73234912831003,64.20869308459,"K0III-IV",5.738
183.04976921918998,77.61624118315,"kA6hF0mF0(III)",5.137
216.8814361366858,75.69599430834361,"K4-III",4.235
230.18209804850082,71.83402545491221,"A2III",3.002
123.2032840903,68.47407325307,"G7IIb",5.329
229.27453943029997,71.82390203802,"K4III",5.015
101.91489954439,48.78948437617001,"K0.5III",5.216
234.41303506851,69.28334446138,"M0III",5.627
112.71943612477001,68.46564639414,"K2III",5.643
250.2296645100692,64.58904568811278,"K0IIICN-0.5CH-2Ca1",4.842
246.99589402110996,68.76813708627,"B9.5IV",4.949
205.66334006508,78.06443888742,"G7III",5.899
201.73668118164,78.6438701226,"G3IIIbFe-1CH1",5.742
212.21219214466,77.54750978133,"K3-IIIbFe-0.5",4.805
101.70629280611,57.16917580899,"K0III-IV",5.335
182.74991498647998,81.7098305941,"K5III:",5.955
258.135749771,62.87433485897001,"A7V",5.54
144.2720324125,81.32638087305554,"K3II-III",4.255
97.51239077939,46.68555469555,"K4III",5.866
157.76961635339,82.55865174456,"F4VkF2mF2",5.252
192.27779203224,83.41783924915,"A0V+A2V",5.85
262.60817373291667,52.30138870861111,"G2Ib-IIa",2.81
120.04891028553,73.91791768463,"K3III",5.347
124.88453774425,75.75690733417,"G8III",5.541
96.22458979254,49.2878920061,"K5-M1Iab-Ib",4.75
95.44220959606,53.452177400790006,"F6III+",5.333
103.42603445506,68.88831100695,"B6III",5.096
96.70363459726,58.41740802287999,"K4III",5.197
102.73787122006,67.57193422312,"B4IV",5.122
264.15689041749,48.5856325818,"K1III",5.353
100.13438563403,71.74878599176,"K0III",5.86
105.01682160210918,76.97740862475611,"K4III",4.54
261.42230640417995,60.04839813277,"A1Vn",5.645
90.42941609549,48.95944563721,"K0",5.959
100.12032089396,77.99578274666,"K5III",5.72
90.24400904882,47.90192487379,"A1VpSi",5.706
92.49588965452,58.9356929115,"G8III",5.355
94.71157297372875,69.31981423597666,"A0Vn",4.757
89.98374135855,45.93673491601,"M3IIb",4.25
264.28701443109,72.45579394874,"G9III",5.869
263.0541592214034,86.58645960557529,"A1Van",4.336
262.99112983044,68.13502522148,"G9IIIb",5.074
259.90463123416,80.136400615,"K5III",5.706
67.50147980131,83.34037678644,"G8III",5.472
88.7409423662,59.88836865484,"A2V",5.2
89.84074698554,49.92453880734,"G5III",5.907
273.82118963423,68.75581724606,"K1III:",5.953
270.03825711496,80.00411315446,"K2Vv",5.642
88.71152890533,55.70696670846001,"A2V",4.96
277.43736060085996,77.54706954487,"K4III",5.644
270.01470183663,80.00084672305,"F7",5.939
351.75387758728994,87.30751146232,"A7IV",5.56
84.14674258112,54.42865859823,"M0III",5.716
86.47517482589,49.82627104399,"A2VpCr",5.46
342.7627612837,85.37373481022,"K5",5.891
283.59938282556,71.29719626537,"K0IIICN0.5",4.814
276.49640400057,65.56348092883,"K1.5IIIFe-1",4.823
278.14384413886,57.04559604823001,"F8Ib-II",4.761
287.29117275262,76.56050383878,"A7V",5.107
281.44486418606,74.08555120528,"K0II-III",5.244
73.02174808097,63.50542148051,"M2III",5.467
307.06076588825,81.42270826851,"G9III",5.368
76.62379160735,61.16974986905,"K5II",5.994
68.377833719,72.52860564384,"A8m",5.928
278.4862271964047,52.35351575374883,"G9III",5.38
41.94885733002,81.44847381782,"K1Ba5",5.781
279.97006814663,52.19608782717,"B9III:",5.992
50.08222670859,77.73476308503,"A6V",5.444
280.6581650660633,55.539446476103606,"A0IIIpHgMn",5.02
47.98445484034,74.39365830223,"A2Vnn",4.834
74.32165746492625,53.75210201356083,"A1V",4.433
282.80039310189,59.38835014726,"G9IIIFe-0.5",4.636
57.30724701770999,70.87105020079,"kA2hA6VmA7",5.391
57.58962223085542,71.33226610659722,"A2IVn",4.604
31.280934280416663,77.281340055,"F0Vn",5.268
290.1670477892996,65.71453186921029,"A0III",4.59
318.92686817285994,77.01229692298,"K5III",5.898
296.07674082284996,69.3370626147,"A2III",5.899
307.87669456698,74.95462607263,"A9:VpCrSrEu",5.185
313.68479689578,75.92557254125,"G5III",5.988
337.47074152159,78.82428667572,"A3V",5.46
285.18106850026993,55.65830084828,"G6IIbFe-0.5",5.513
284.18764889098,57.81481655283999,"K1III",5.663
64.22315037171,61.84999086569999,"B7V",5.7
72.00113717751,56.75717692992001,"A3m",5.275
65.44853821408,60.735623909080005,"M0III",5.398
339.30402257327,75.37181127784,"M1III",5.777
57.38032311777,65.52597939514,"M2II",4.48
39.50847155369,72.81825294254,"G8III",5.166
287.91908708743,56.85920553119,"G8III",5.125
287.1074524305,52.42573104057,"K1IIIe",5.893
290.06682733,57.64512154484001,"M1III",5.91
289.27570134506874,53.36845827781306,"G9III",3.76
69.97783768704,53.07953540415,"G9III",5.073
70.35053545728,48.300879247299996,"A0V",5.652
72.78883944774,48.74066510726001,"G9III",5.643
64.28372302355,57.86031979553001,"K1III",5.721
56.50971455266,63.34505876123999,"G2Ib/II+B7III/IV",4.81
42.994796629670006,68.88850191501,"F5.5III+",5.8
57.40244132784,63.29695883013,"A5Vn",5.817
30.489551300890835,70.90696692312001,"A3Va",4.54
30.48932000833333,70.9070645138889,"A2V",4.63
11.94189121883,74.84756978925,"B8III",5.413
354.79239302987,75.29288155838,"A3V",5.946
298.98074454629995,58.84596862979999,"K4.5IIIa",4.96
305.29801767014,63.9801173939,"K5III",5.69
332.4517944276,72.34120548068,"G7II-III",4.786
298.32240899451,57.523474139010006,"B5V",5.132
304.90303002982,62.257443765670004,"B9V",5.709
302.89529924401,62.078547708689996,"F5V",5.7
301.38699146914996,61.99542030332,"K3III",5.408
346.9743906898412,75.3874986252686,"G3III+F3V",4.41
292.4264926137312,51.729777922052214,"A5V",3.755
65.04796906426,50.9209347287,"B1.5IV",5.545
70.72640179165,43.36512021120001,"A1Vn",5.298
64.56092274545583,50.295493065878055,"A1III",4.594
52.267220373399994,59.940333656830006,"B9Ia",4.22
25.7327636534,70.62252558405,"B9V",5.174
58.43035937308,57.97514619358001,"kA3hF0mF0",5.786
41.20707096944,67.82463120163,"A5III",5.945
46.82907713568001,64.0576327853,"B9V",5.877
336.50343112496995,70.77090340644,"K2III",5.469
303.36506786602,60.64056952199,"K5III",5.78
321.94225759196,66.80909698289,"B7V",5.41
292.83054488142,50.30670510706,"K1III",5.54
12.03792800618,72.67449667324,"K0IV",5.855
61.64601078927791,50.35126150659166,"A0IVn",4.29
65.3881926825,46.49887912276,"B4IV",4.812
29.908490247109995,64.62160003748,"A0Vn",5.278
30.718649582979992,64.90146401174,"A1Vn",5.986
356.97821197987,67.80680903148,"A1Vn",5.044
17.66384336031,68.77862267949,"A0Vnn",5.309
21.483429973130832,68.13001379715332,"K0III-IIIbCN0.5",4.727
294.15823686072,44.69493376732,"G8.5IIIbFe-0.5",5.169
307.36296186551,56.06819172056999,"B8.5V",5.912
46.38504794668,56.70571881232,"G9+IIIb",4.766
14.629424953469998,66.35179378111,"A0III",5.97
0.6503860572200001,66.09896334536,"G8III",5.842
356.65306901663996,66.78224481263,"B2IV",5.937
10.51425258163,66.14759331408,"G9III-IV",5.821
1.17492208688,67.16644512107,"K1III",5.676
336.77212695841,65.13226676311,"B0.5Ib",5.515
334.55269938437993,62.80439003794,"K2III",5.741
339.66271566195,63.58447137440999,"A0IV",5.188
333.09353775256,63.29103495409999,"M3III",5.778
319.81535506197,58.62350673846,"M1Ibep",5.75
322.74704853781,60.45943182228,"B1Ib",5.522
52.21803296550001,49.848385563,"B6Vn",5.572
52.34187290056292,49.50895295100028,"B3V",4.735
300.33984744392,50.1046932813,"G8III",5.048
40.76182510564,55.10601838774,"B8IV",5.753
21.453964462083334,60.23528402972222,"A5IV",2.68
16.08104619298,61.58018395499,"F6V",5.833
8.249966181752502,62.93178142392444,"BC0.7Ia",4.16
6.19793946895,61.83105780508001,"B9III",5.377
1.6105721928199996,64.19615796995,"B9IIIe",5.59
1.05692688757,62.287664230809995,"A1II-III",5.884
351.2094267145825,62.28281016386695,"M1/3",4.955
307.51475394137,48.95156682478001,"B2.5IV",4.936
303.32522443319,46.815675264430006,"A5IIIn",4.819
306.75944789003995,49.38336233182,"F0V:",5.715
319.30936387461,55.79800166191,"K3III",5.975
53.03586841582,48.02348015241,"B9III",5.461
48.34946795925,48.17695568391999,"K0III",5.913
299.83510021020993,45.77254158257,"A5III",5.933
49.657257053,50.22217630491001,"B3V",5.157
24.53152709015,57.97763203064001,"K0II_CN+2",5.536
23.48283948896,59.23205391431,"G9IIIb",4.681
23.357114932660004,58.32734698999,"K3Ib-II+B7/8:",5.709
17.139442762480005,58.26345139106999,"B8V",5.767
13.750648761579999,58.97269920721,"K2III",4.82
14.16627144337,59.18105702418999,"G8.5IIIbFe-0.5",4.622
9.1139359699,60.32621320715,"A3III",5.792
0.40423349109,61.22279985728,"A8II",5.567
4.237679743959999,61.533185738860006,"G8III",5.737
1.2756286688299998,61.31397009099,"B6III",5.791
350.63555313969,60.13348671264,"K3II",5.513
346.6534074061571,59.41975982112528,"B0.5III",4.84
347.43391208616,59.33269084976,"A4II",5.679
343.26576880228,60.1010309928,"K2V:",5.984
337.29276110013086,58.415193781569435,"F5Iab:+B7-8",3.75
334.11067970642,57.22023814097,"G8III",5.882
321.68737399701,52.898536229179996,"B7III",5.987
328.00433065698,55.79674959299,"B6IV-V",5.657
317.56488884316,53.563100784940005,"B9III",5.747
310.55262716941,50.34001860154,"B2V",5.401
314.10615618255,50.72859674913,"F0III",5.82
315.94842667357,53.28591167979,"K0III",5.918
308.47851483519,46.693852079150005,"B8pSi",5.769
305.52236520264,45.794999352590004,"K1III",5.572
41.04994423087624,49.228448519215,"F8V",4.11
44.95745713875001,47.22071310586,"G5:III:CN-3CH-2Hdel-1",5.485
358.59596887605,57.499381871500006,"G2_0",4.59
352.5080859874299,58.548920051420005,"B3V",4.886
356.76439327339,58.65199103572999,"K1-IIIa",4.873
356.75799356466,57.45135904064,"K3-IIb",5.503
342.44297821452994,55.90277669971,"K1III",5.439
339.65801377045455,56.79563274478278,"M4+III",5.167
338.41937262726,56.62473764137,"K0III",5.72
330.46077776987,52.8822500401,"B5III",5.776
316.6503893069042,47.648403390030836,"K4Ib-IIa",4.514
314.10789803619,49.19583119359,"G8II-III",5.913
311.95536031217,47.83186804446,"K5III",5.586
49.44730417548,44.02502275143,"B8V",5.476
28.039051286139998,50.79279280878,"B9pHgMn",5.689
27.73803387043,51.93341769604,"F5IV",5.951
50.36066150050001,43.32965086794,"A3V",4.946
42.9238747059,46.84194175598,"G8III",5.859
36.40592906717001,50.27862870409,"K4.5III",4.71
359.28530025274,55.70570537345,"F6V",5.561
9.03462581546,54.16844990991,"B8IV",5.076
8.293310385919998,54.89498600662999,"K0III",5.922
340.07669578235,53.84592669495,"K0III",5.92
323.23580014419997,49.97763291055,"A0V",5.755
321.7150914122,48.83516661294,"A4VpSiCrHg",5.31
314.58110992123,44.47170580563,"K0III:Fe-0.5",5.547
310.01316335958,43.45887760359,"K2III",5.965
310.48542276102995,41.71687448417,"B8II-III",5.664
305.55709098208337,40.25667915638889,"F8Ib",2.23
305.68873170381,41.026012539940005,"K7III",5.93
44.91616092975,41.0329403655,"K2",5.877
41.02150011565999,44.29703928093,"G0Ib-IIaCa1",5.435
49.44064379181,39.28337269411,"A2IV",5.967
47.82242490244833,39.61158091384389,"K0III",4.607
29.63960817519,49.20435293342,"K0IV",5.702
6.27671040117,53.04678188666999,"B9IV",5.719
6.06522501499,52.01991755789,"B5IV",5.58
322.36229069333,46.54058554749,"K0-III",5.217
22.52542295978,47.00727253443999,"K0III",5.261
33.3055091634783,44.2316466494814,"K4-III:",4.826
11.181327503027083,48.28436973261194,"B5IIIe",4.5
349.87419891743,48.62532307963999,"K0III",5.44
335.25644708706545,46.53656977961028,"B6V",4.54
9.79122537764,49.35458829158,"K5III",5.419
325.04629181663995,43.27383774885,"M1IIIab",5.086
30.978158454789995,42.33091142208,"B9.5V+A0V",5.82
21.91408631466458,45.406684757618336,"F4IV",4.83
20.58508364821,45.52877673579,"K0-IIIb",4.868
24.837452388370004,44.38617497652,"G8III",5.008
25.16523940716,43.29767009205,"A7III+",5.629
43.427571173442075,38.33745890165028,"F6V",5.343
10.866957011260002,47.02454577746,"A5V",4.949
324.2373967167,40.41352563005,"A3Vn",5.035
358.88948114048,47.35580382436,"G8Ib",5.989
325.59566197208335,41.07702045972223,"A0V+A0V",5.726
325.7769639621499,41.15497297479,"M2IIIbCa1",5.505
356.50852930961,46.42027401636,"G3Ib-II",4.966
316.7247482895925,38.74941731943694,"K5V",5.21
346.91361334227,46.38723060745001,"K4III",5.294
337.62191955812244,43.12337646048139,"B2IV",4.511
319.3539677916984,39.394679733096666,"B9Iab",4.24
239.44766942809997,54.74976377222,"F1IVab",4.96
30.511259391666663,2.763811288888889,"kA2hF2mF2(IV)",5.135
245.51811756525996,1.02904350912,"F1IV",4.82
142.67469066037916,-40.46683082992695,,3.91
142.67515748460875,-40.466757672305,,5.12
173.06683314449,-29.26330553873,"F8V",5.671
234.84447017954,36.63581105988,"B7V",4.979
281.08476560932,39.67012916819,"A3V",4.991
155.22831547076,-56.04323770783,"B5II",4.51
317.34360665867666,-73.17281681807695,"F9.5V",5.67
148.12683898333336,-8.105009966666668,"A1V",5.43
190.31761548907997,-13.014869305360001,"F5V",5.822
299.79390294448,23.101278930999996,"F0",5.66
197.49703632916666,17.52951245,"F6V",5.48
314.76867511250003,4.293505177777777,"F5(V)",5.96
220.28733409166668,13.72828106111111,"A3IV",4.51
271.70797891827,-43.42474933447999,"A7V",5.68
213.71186978064998,10.1006102046,"K1III",5.32
166.81954127333,-42.63867989248,"ApSrCrEu",5.24
153.36664857916668,-51.755791091666666,,5.88
178.22717037500001,-33.908135200000004,,4.69
193.7450040416667,-85.12336368055554,,5.83
243.06684511619994,-28.417284516409993,"B9V",5.8
286.6050611831375,-37.06327565248666,"F8V",4.53
222.3293804098026,-14.149021270239027,"ApSrEuCr",5.31
220.28711599166667,13.72841686111111,"A2",4.51
230.8011269,30.2884603,"G2V",5.95
281.09576442363993,39.6127947724,"A7Vn",5.35
177.16128937083334,14.284207913888888,"A8V",5.94
170.98105513292123,10.52950625196611,"F1IV",4.01
146.05039631875,-27.769472515277776,"A7V+G8III",4.79
337.49138245,4.431693677777778,"F8(V)",5.7
139.7110149130071,36.80259585675999,"A1V",3.92
275.1893010132354,71.33781941082947,"B8V",4.22
337.2078600866833,-0.020544972322777775,"F2.5IV-V",4.49
217.05057875906,-2.22795805996,"G2IV",4.84
233.97186823899,-44.95838868248,,4.708
129.78309005,-22.66160374722222,"G3V",5.37
282.89550057459996,52.97506840804,"G9IVa",5.52
123.05300171204,17.64764147554,,5.31
117.94294814999999,-13.898009825,,5.61
113.57757357237,-23.473664656360004,"F5V",5.77
109.15981704188002,-23.310952115879996,"A5mA5-A9",5.79
348.65460449860996,74.23127154955,"A0V",5.89
256.33384972124,54.47002301872,"F6V",5.66
137.59811110645,67.13401715901,"F6IV-V",4.813
171.48795738388,55.850457792060006,"K0III",5.7
90.5958197,9.647288305555556,"A1Vm",4.3
125.33843287514,-20.0790628738,"G8III",5.572
180.115375,-1.081,"SNIIP",5.8
65.15129318402,15.095452823510003,"F0IV-V",5.242
67.0032616524,21.61990296142,"Am",5.711
67.09753243444,14.74095888021,"F0IV",5.892
127.36452083333334,-44.72481944444445,"B2IIIk",5.19
91.16708850702,-45.07891539328,"F5.5V",5.966
222.84745194146,19.10044994484,"G7Ve",4.675
24.94921956595,-56.193317864549996,"K2V",5.685
24.948186303551665,-56.196448108297496,"K2V",5.797
190.4147607686542,-1.4494021269330557,"F0mF2V",3.49
7.942986399999999,54.5223119,"B7.5V",5.35
87.00097119166666,6.454154230555555,,5.95
102.24057367083333,-15.14472688611111,,5.59
151.54671623487624,-47.36999596110611,,5.22
225.94679016696085,47.65397723911,"F5V",5.136
288.8851404878345,-25.25668668234528,"K0/1III+A/F",4.86
258.8365985355513,-26.601699224429723,"K2V",5.08
258.83743260923,-26.602825956905555,"K1V",5.03
113.58023805232,-23.474897348569996,"F6V",5.795
114.70779472192001,-26.80384716321,"B5IV",4.429
110.71690974702,55.28139368426,"B8V",5.78
157.98600394309,-45.06965406780999,"B8II:",5.99
75.08634367112,81.19409099333,"K3III",5.09
190.31646901884,-13.01389896264,"F6III",5.843
31.381458884050005,76.11506012484,"G8III",5.22
270.77049376083,-8.180352379979999,"F2IV",5.27
17.09616910146708,-55.24576000440916,"B6V+B9V",4.014
88.79293899077537,7.407063995272694,"M1-M2Ia-Iab",0.42
95.67493896958332,-17.955918708888888,"B1II-III",1.97
276.05744011572995,39.50723810754,"A0IV",5.12
331.86913644149,19.47552861873,"F2V:",5.74
351.81928924037,70.35978252816,"A6IV",5.6
241.36070257069997,-19.8019015069,"B2V",4.89
241.35929166666665,-19.80538888888889,"B1V+B2V",2.5
33.09283344086611,30.30306751098826,"G0III+G5III",4.952
33.09283205386,30.30307032773,"G5III",5.162
206.68051402543998,25.702237479890005,"A7V:+G5III:",5.965
293.71220157565,29.46296778773,"G8III+A2III:",5.407
109.86741051717,-16.39524868884,"F2III/IV",5.7
185.62629746158999,25.846157683429997,"F6III+A3V",4.81
197.02980487727,-65.30602206293,"WC5+B0III",5.53
284.25681935907994,32.90131905167,"F9V",5.277
262.59916623889455,-1.0630216316233334,,5.981
225.36287047081,60.204462003930004,"A4V",5.92
233.98763752283003,54.63050066588,"A0Vn",5.79
240.4722707483108,58.56525053776528,"F9V",4.0
240.88062155312002,76.79394072897,"A3V",5.73
248.10699481318997,60.82330152262,"A2V",5.91
37.04158279211,29.669329306609992,"F0III",5.29
59.74126012587458,35.79103042103805,"O7.5III(n)((f))",4.06
69.10082506478,64.26160024068,"A1V",5.91
74.0294682528,52.869737340860006,"A2Vs",5.74
239.39688084174207,26.877879625768056,"K2IIIab",4.13
244.97975918871998,39.70858345243,"F4V",5.48
18.07006799311,79.67396377216,"A3V",5.6
22.870867450065003,15.345831842497502,"G7IIIa",3.62
17.77567538716791,55.14989971999472,"A7V",4.33
41.9772586465075,29.247118272015555,"K0.5IIIb",4.51
42.19126357122,25.1880522341,"A0V",5.89
44.15593390855,-3.71232192627,"A1V",5.16
52.50076173757,55.45180724146,"A1Va",5.09
13.72141692567,83.70740982093,"A4V",5.59
246.35070342616,37.39405189702,"A5V",5.54
72.8015240542129,5.605103849968333,"B2III",3.68
269.1515411786243,51.48889561763423,"K5III",2.23
174.07481955547127,27.781341575678653,"A8",5.81
79.5551755291,73.26809746465,"A0V",5.83
258.1158512084,10.58515568997,"M2III",5.34
261.68434159272,48.26006155546,"A4V",5.83
262.95658017165,28.40750050295,"A1V",5.65
264.37961364671,24.310006327110003,"A2Vn",5.76
67.16559004644,15.870874649550002,"A7III",3.41
72.46004668811875,6.961277950629445,"F6V",3.19
80.86601114471,57.5443992073,"A0Vne",5.25
80.30286427953,29.56988686859,"A1Vs",5.67
80.92628593354,-0.15981861796999997,"B1.5V",5.7
199.31511643373997,13.675751874000001,"K3III",5.33
57.28379069766,43.96313934535,"A9IV",5.97
73.76304501802,55.25912706082,"B9.5V",5.52
78.09356048117,73.94667789343,"B9.5VpSi",5.45
295.64170118572144,11.826583967083302,"G2Ib+B5.5",5.31
297.17524022125,11.815893797777779,"G8III+A3V",5.74
309.77070023167,15.838197553369998,"B3V",5.98
331.75277295908,25.345098996239997,"F5V",3.77
298.8283035123829,6.406764233985,"G8IV",3.71
309.90949848153707,15.912160008943609,"B9IV",3.8
310.79592141367,66.65744732012,"A8V",5.6
311.3223965313,61.838781731080005,"K0IV",3.41
310.64681717359,82.531156971,"A0V",5.75
65.46585930914,56.506315296409994,"A3V",5.92
247.94678161634,45.59826247517,"A2Vn_lB",5.68
82.31875033509998,25.15021613333014,"B9V",5.48
87.29348991048083,39.18107231686389,"G8IIIbFe-1",4.5
87.8723727421,39.14852391264999,"K0.5IIICN0.5",3.95
99.40994639761,56.85753031630999,"A2V",5.89
109.50922710317002,40.88339365565,"A5Vn",5.87
122.51573721592,58.2482451388,"K4III:",5.89
125.84101196065998,18.332161792580003,"A9V",5.94
89.881743414146,54.2847379628627,"K0IIIb",3.72
105.33924581041,70.80829541909,"K4III",5.69
105.57289166190002,15.336009823110002,"K1III:",5.75
124.46005840380998,59.57113417877,"A7IV",5.63
130.80137276648,12.680873628639999,"A3III:+G7III",5.65
130.80614897336292,3.3986618893297225,"B3V",4.3
107.84611384969,26.856588994759996,"A4IV",5.75
124.12883745353416,9.185543957090834,"K4IIIBa0.5:",3.52
125.95208880739,53.21971259114,"A3Va",5.54
135.1603059044704,41.783024559070554,"F3V+G5V",3.96
134.12714807491,40.2014731097,"F3III",5.88
139.60795417795683,35.36407573810631,"A8V",5.94
154.50844450736,65.10835173548,"A8III",5.76
155.26392021783,68.74765341897,"A7Vn",5.9
155.77637084761,33.90814239754,"A5IVn",5.9
191.82896036414996,62.78115316745,"A9V",5.89
133.34399068597,61.96226615444,"F2III",5.74
158.20279329541543,9.306584816652224,"B1Iab",3.87
178.45769715249997,53.69475972916666,"A0V",2.44
199.60130827686294,-18.311193819050562,"G6.5V",4.74
157.4234569110575,84.2519302374486,"A9V",5.51
158.37879601942,34.98869462284,"A2Vn",5.58
173.6770426479156,16.79691544083179,"B6.6(IV)+B3.7(V)",5.94
183.85649936126705,57.03261697773611,"A2Vn",3.32
192.30722805422997,83.41289781435,"A1IV_sh",5.35
201.30640763875,54.98795966138889,"A5V+M3-4V",4.01
202.10753579536706,13.778788419113054,"G4Va",4.97
231.964265638,60.67022137417,"K5III",5.9
236.0669754565879,6.425630220244722,"K2IIIbCN1",2.63
205.37455306199996,64.82241093426,"A2V",5.85
208.67116216800866,18.397720717229475,"G0IV",2.68
211.09732332021125,64.3758696175675,"A0III",3.68
249.04758475962,52.90005241522,"B9.5V+DA:",5.52
265.4942980628899,15.95243344203,"F4Vw",5.54
275.6471608551,12.029680931080001,"A2V",5.98
275.2640939542736,72.73284772361531,"F7V",3.58
264.86619540844913,46.006331382789725,"B3IV",3.8
265.86813295741786,4.567303668469166,"K2IIICN0.5",2.75
266.7835254385004,17.697023201126665,"A1V",5.61
278.80246665604,18.203414987190005,"A0Vn",5.79
283.71740418944,41.602722334270005,"G8III",5.44
286.65998394889,24.25078288874,"A4III",5.79
287.24964495078996,6.07321778825,"F0III-IV",5.23
268.79646717097,72.00512608293,"F2III",5.43
279.38965591144,62.526575910990005,"A0V",5.74
284.73592734438125,32.68955574065722,"B9.5II-III",3.25
293.0899592077504,69.66117661255723,"K0V",4.68
299.07654932216917,35.08342288549805,"K0III",3.88
311.55280115351087,33.97032834364584,"K0III",2.48
313.91070766967,12.568577064300001,"A5V",5.54
318.69788551128704,38.04531781602413,"F2IV",3.73
319.6448846972256,62.5855744637194,"A8Vn",2.46
331.39447693158996,28.96397975012,"B9Vn",5.7
333.45516769341,45.44061161474999,"A0III",5.53
336.67680972016,78.78587325725,"A2Vm",5.84
338.0676026701,76.22644103313,"A2V",5.7
339.71914080858,19.522251071639996,"G8II",5.82
354.9876691817333,5.626292753319723,"F7V",4.12
333.68483890165,42.95389967483,"A2Vnn",5.72
335.1148857794833,5.7895026287130555,"B5III",5.37
338.10990368295,39.77973174637,"A6V",5.88
339.815327655,39.050269764444444,"O9V",4.88
357.4141450324199,28.84238948361,"A2m",5.96
341.54259217486,44.54605480037,"F0III-IV",5.84
348.3207290015033,57.16835661767194,"K3V",5.57
348.90724714759,70.88808179212,"F0IV",5.55
209.14242094698,27.492081441400003,"K3III",5.0
265.99653701018,53.80170722343,"A2V",5.76
303.4079509877,46.74132267168,"K3Ib+B2IV-V",3.8
14.195715242155746,60.362838668130074,"B7Vn+B9VHgMn+A1V",5.566
20.87899119061,-30.945616425190007,"M0III",5.819
13.252059246918751,-1.1442597826699998,"K5III",4.76
29.000117919449995,68.68523997607,"B5III",4.968
25.449867005209995,-60.78933743488,"K2/3III",5.692
66.23803150959,19.04200909623,"F4V",5.965
67.53582394367656,15.637838722611567,"F0V",5.552
58.29185913143999,17.32708535285,"F4V",5.946
67.20901508874,13.04760199961,"kA5hF0VmF0",5.014
67.65567885132,13.724402314719999,"F0IV",5.395
67.96566185573,15.851623927439999,"F1.5Vn",5.998
71.10761879726,11.14613429228,"F0V",5.379
69.77566257788,7.870987058989999,"A5m",5.365
72.84359804648,18.839857185120003,"A7IV-V",5.085
259.7381867998679,-34.98976154533223,"K3V+K5V",5.89
319.96662273615,-53.44942607516,"A5IV-V",4.483
120.89603140977576,-40.003147798268934,"O4I(n)fp",2.25
346.97446390095,75.38751085759,"G3III",4.61
271.70788719112,-43.42522247491,"A6V",5.62
49.840401739905,3.370198605523333,"G5V",4.85
270.77000666361874,-8.180253701225833,"F5V",5.86
309.81801136666667,-14.95477306111111,"B4V",5.38
316.01968496379,-5.82305961876,"K0/1III",5.8
337.2078700438454,-0.019964649560277777,"F2V+",4.34
244.18032393417,-53.811111416,"M2III",5.44
243.36970863593996,-54.630467514290004,"G8III",4.94
237.52951508677,-53.209770717050006,"B9V(n)",5.78
244.25389311347118,-50.06812142537778,"F9Ia",5.09
201.00201120159997,-64.53566985852,"G5IIb",4.52
187.91804315106,-59.42392352509,"F7Ib/II",5.53
179.69858099749,-64.33955925728,"A1Ib",5.6
198.0732207329279,-59.920563006995835,"B7V",4.593
196.85123638747905,-59.86050662165174,"B9IV+F8/G2",5.98
190.48570492647,-59.68582067903,"B5III",4.94
184.60934197714997,-64.0030853698,"B2/3V",4.05
126.46629368056,-42.15307511956,"B3/5IV",5.42
121.06745629749003,-32.67483042962,"M1Iab-Ib",5.12
113.29073298016002,-24.710734252000005,"A3III",5.83
113.51325234957001,-22.2960675479,"F6IV-V",4.39
124.63880435555504,-36.65928921661222,"A8V",4.4
113.84538175052002,-28.36933478638,"B7V",4.63
111.92890306437002,-22.85919055296,"B5III",5.97
97.20672069809,-7.034653347130001,"B3V:nne",5.32
97.20592751628709,-7.034400223727222,"B2Vn(e)",5.0
163.6233442064,-61.82662162494001,"K4III",5.9
142.52129136528,-51.51716457824,"B8III",5.46
162.3518129228,-59.32378939865999,"B9.5IV/V",5.91
143.53663946526544,-51.25526614297083,"B2IV",5.03
145.44969485553,-55.2137615019,"B4IV",5.98
149.21558687068125,-54.567788190034165,"B5Ib",3.45
156.8519603683,-57.63880511029001,"A9/F0Ia/ab",4.7
171.64757420394,-61.1151677602,"B3III/IV",5.54
246.00537974057,-39.19298053165,"G5V",5.376
69.9918214,53.4732275,"A9V",5.56
30.511758234265,2.7637719610669444,"kA0hA7Sr",4.11
28.382553868509998,19.293855549769997,"A2IVpSiSrCr",4.52
123.05499829926998,17.64849074025,"G0IV-V",5.79
243.67022268316998,33.85861434163,"F6V",5.55
74.81420567935,37.89024477465999,"A1V",5.0
172.26717394142,39.336971218,,5.35
68.00766961286,53.91083771366,"O9.7IIn",5.77
275.97752869572,58.80073766527,"A1V",5.05
37.26632087459001,67.40238670115,"knA2h(eA)VSr((Eu))",4.61
19.049591323519998,71.74384035569,"K5",5.86
40.30833043940001,-0.69565153058,,5.77
49.59344539583333,-0.9302896861111111,,5.48
222.3293785043354,-14.14902564692611,,5.6
49.671458073480004,-18.55979224053,,5.84
307.2150616165,-17.81368307879,,4.93
89.08726344451,-31.38243892075,"F2III",5.51
239.22547003673998,-33.96426056405,"B9V",5.55
239.22287350047003,-33.96611475446,"A3V",5.08
239.3388584357529,-36.18534492849666,"K0/1III",5.83
57.14947508013,-37.62014329154,"B9.5Van",4.72
175.33246282382,-43.09566595638,"A0V",5.53
278.34638040544,-38.725983121359995,"B9V",5.59
229.63310473750002,-47.875088069444445,"B7V",5.01
117.27800619695,-56.41036376416,"G5II",5.57
276.76759616895,-53.1102089183,"K2III",5.96
327.72729627627,-82.71890473972,,5.46
157.21906167597,-64.17227995826,"M0III",5.27
62.51140554166667,80.69867231944446,"G8III",5.62
193.32394594090889,21.244947012977285,"G7III+F:",4.91
194.73101237824,17.40944285907,"M0.5III",5.0
180.41442516730996,36.0420771778,"K0III",5.57
195.06862265967996,30.785022071370005,"G9IIICH-2CN-1",4.88
184.12555726712998,33.06150800630001,"K0.5III-IIIb",4.94
185.08198742284998,26.619479405070003,"K2.5III-IV",5.51
185.17927403996,17.79286875343,"G8+IIIFe-1",4.74
182.9632362126,25.870279857869996,"K5III",5.62
183.03870668279998,20.542061986709996,"G8+IIICH0.5",5.55
184.08557639106084,23.945407275677496,"G8III-IIIb",4.86
186.46224399351996,39.01861564754999,"G9III",5.01
186.73446876829124,28.268421801423333,"K1IIIFe0.5",4.34
188.78402896613,21.881385521480002,"K2II-III",5.86
188.78233560698996,18.377058545440004,"K0II-III",5.02
189.24304910843,17.08953469105,"K4III",5.66
189.78042744490998,21.062583383160003,"G9IIIb",5.49
191.66150767896997,16.5776878118,"K4III",5.12
195.2900636729,17.12314657592,"G9III",5.93
196.79470800944625,27.62473762183611,"K5-III",4.69
196.59417511078996,22.61618697203,"M5III:",5.61
197.44936483103996,16.84861226166,"K4III",5.87
197.41104636000998,37.42311955426,"K2III",5.99
198.42892372375997,40.15288502949,"G8.5IIICN0.5",4.94
199.61553076785,34.098307693,"K4III",5.78
200.07896290662998,40.15054653152,"K2II-III",5.6
204.24617636339997,24.61329686377,"M3",5.69
205.25977684876997,22.4957705419,"K0III",5.58
205.68095702608,34.98902068752,"G5III-IIIbFe-0.5",5.96
207.42843653774,21.264101313699996,"K4III",4.91
207.16139673999996,31.19020670618,"K0III",5.57
207.94781245992078,34.44424028042583,"M3-IIIa",4.74
340.36550299,10.831363310277778,"B8.5IV",3.41
204.36511192,36.29489794871,"A7III",4.95
207.95666927126,-32.99408494549,"B5III",4.52
330.73608664172,44.649861270639995,,5.715
98.85090926945,-36.7798784237,,5.886
200.9846746374,54.92180938212,"kA1h(eA)mA7IV-V",3.88
139.32184357674,-68.6895931281,"F5VFe-0.7CH-0.5",5.39
252.30923790703997,45.98331948357001,,4.826
79.17232794433404,45.99799146983673,"G3III:",0.08
250.31919789825204,31.60458387836,,2.88
62.90084880974,-20.356154633329997,"A1V+(F/G)",5.8
154.17398903435,25.37071531051,"K2III",5.84
48.018874183263755,-28.987621986758608,"F6V",3.98
260.924,30.4971,"SNIa-norm",1.07
134.8018881454904,48.0418228606861,"A7V(n)",3.13
127.26980186667416,-47.928916268365555,"B1.5V",5.535
40.825171593327084,3.2358241460283335,"A2Vn",3.54
76.97035638749999,8.498434238888889,,5.72
78.32283087218,2.8612392074300006,"K1III",4.48
241.09231412321998,-11.373207404929998,"F4(V)",5.16
241.09220319117998,-11.372964558680001,"F5V",4.87
261.71657559543,-45.843030529509996,"B8V",5.64
82.6960460248,5.9481452814299995,"B5IV",4.46
67.53582485742,15.637833068089998,,5.666
229.63345014166666,-47.87529208611111,"B7V",4.945
17.375508599999996,47.24179658888889,,4.294
101.28715533333335,-16.71611586111111,"A0mA1Va",-1.46
239.74228204474,-65.0375849518,"B7III",5.74
217.81850036483996,-67.71720259974,,5.903
242.99889102838998,-19.46069060489,,4.349
248.52576011027003,42.43700948629999,"B9V",4.196
330.9476655904899,64.62797113084,"kA2.5hF2mF2(IV)",4.45
2.5801937520220832,46.0722710393975,"F5II",5.04
9.22021384008625,33.71934341518167,"B5V",4.36
12.170601310553335,7.585081917256668,"K5-III",4.44
33.25000132715,8.846702350650002,"G7IIIBa0.4Fe-1",4.35
5.017744306231667,-64.87479366391888,"F9.5V",4.23
9.638947629184164,29.311753227467783,"G7IIIFe-3CH1",4.38
7.50982674913,-3.9573272038600003,"K5III",5.72
13.742108691523887,23.628327740257397,"K0IV(e)",5.45
1.3339215498499999,-5.7076199163391665,"K0III-IV",4.61
6.98207425573,-33.00716596713,"M2/3III",4.81
11.63729937483,15.475509018240002,"M4III",5.38
24.498158433053337,48.62821196304722,"K3-IIICN0.5",3.57
37.954560670189856,89.26410896994187,"F8Ib",2.02
326.22199641234994,62.46056906868,"O8.5II",5.94
349.2122461168096,-7.7264993337691665,"M3III",5.06
4.856976645352915,-8.82391915982472,"K1+IIICN0.5",3.55
7.583060093080003,59.977552632460004,"B7IV",5.94
10.126846007691249,56.537329217042775,"K0-IIIa",2.23
28.66004578884514,20.808031471916408,"kA4hA5mA5Va",2.65
44.69029234138,39.6627265502,"A2Vn",4.7
49.05084504459,50.93766810733,"G5Ib-IIa",5.03
4.272926513519167,38.68163572933945,"A2V",4.61
10.443322082299998,-56.5013162284,"A3VpSrCr_Ksn",5.7
11.834690495196249,24.267178550475833,"K1III+KV",4.06
21.005847006805414,-8.183260897344443,"K0IIIb",3.59
26.01701307163417,-15.93747989102139,"G8V",3.5
37.0398210789746,8.4600602248073,"B9III",4.3
40.8629761644,27.707149409290004,"B3V",4.67
3.615128360674167,-7.78052868576889,"M3+III",5.12
9.831679638429584,30.86098357599195,"K3III-IIIbCN0.5",3.28
14.301667830110834,23.417650023123606,"G8-III",4.42
25.51454017892,35.24570525388,"B9V",5.64
32.169079568159994,58.423602976279994,"A1Ia",5.68
40.56214403095999,40.19395048125,"F9V",4.92
47.04221855625,40.95564667027778,"B8V",2.12
2.2945215777878776,59.14978109800713,"F2III",2.27
9.242852031185834,53.89691044421194,"B2IV",3.66
12.276227476217503,57.81517728880999,"F9V",3.44
17.37552339943203,47.241794288193404,"B5IIIe",4.25
18.79633928432417,-45.53166460574416,"F9VFe+0.4",4.96
27.396261525257913,-10.6864086109725,"F0V",4.68
55.73122001957376,47.787496738188054,"B5III",3.01
29.69224409758834,-61.56982215319751,"F0IV",2.84
51.16898632479,64.58599440748,"M0II",5.19
63.72443131105167,48.409330648442776,"G0Ib",4.16
25.145067440228747,40.577038805908344,"B8III",4.94
27.99716701692,55.14738435937,"B1.5V",5.52
42.67420822277708,55.895494367171665,"K3-Ib-IIa",3.79
44.10687184660001,-8.8981434724,"K1+IIIb",3.87
64.47359333520666,-33.79834789118277,"B8V+B9.5V?",3.56
68.46215763444,14.844428238220004,"A8V",4.65
76.6287255888596,41.23447574166194,"B3V",3.18
12.45352635157333,41.07891089498556,"B5V",4.53
17.06792893936375,54.920155889239716,"G5Vb",5.17
25.58552893003,68.04302513591,"A0VpSiSrEuHgMn",5.59
35.58930962793999,55.84565287591,"A1Ia",5.17
43.56449050346,52.762467426469996,"G8III+A7V",3.96
56.871152303749994,24.105135651944444,"B7III",2.87
57.29673582413,24.13671019778,"B8Vne",5.09
4.581905703219166,36.78522459491082,"A2V",4.52
15.735868263886667,7.8901331810086095,"G9IIIbFe-2",4.28
46.19925046367875,53.50646183498722,"G9III+A2-III:",2.93
49.87916936539666,-21.757865396989718,"M3III-IIIaCa-1",3.7
6.550838931848333,-43.67983065874444,"A5IVn",3.94
10.51621753161,50.51253344554,"B3IV",4.81
15.70456995008,31.804261676309995,"B9.5V",5.5
39.24419895574001,-34.57797534624,"G1V",5.79
40.825162898112545,3.2358163764959436,"A2Vn+F4V",3.47
43.95207499916666,18.331639704444445,"M6-III:",5.93
49.9818788009275,-43.069781996785,"G6V",4.27
51.79225241356,9.7327419509,"B9Vn",3.75
53.10941360307001,46.05686155738,"F6III",5.32
61.11317891791,59.155509074520005,"F0II",5.12
64.12095061260834,-59.302154414251106,"K2III",4.44
26.936810149182495,63.852503056109164,"K0V",5.63
41.275828336206246,-18.572622827755275,"F7V",4.46
47.90736069940499,19.726673110293053,"G9.5IIIb",4.37
53.23268537982792,-9.458260970518056,"K2V",3.73
55.67807080405,59.96938969428,"K3.5IIIb+G",5.78
56.29058389182,24.83926199956,"B8V",5.64
57.29059607421416,24.053417133280284,"B8III",3.63
333.57513688698,-21.074567166789997,"K0III",5.526
13.2674851758,61.12397202496,"F9V",4.8
20.020485277440002,58.23161323440999,"F0Ia",4.98
28.5988920257,63.670100066329994,"B3Vp_sh",3.37
31.79335709957655,23.46241755020095,"K2-IIIbCa-1",2.01
42.27257876772,-32.405897779689994,"G9IIIb",4.46
47.37418183354417,44.85745828572973,"G9.5IIIb",3.81
56.218904540787506,24.11333785002,"B6IIIe",3.7
63.817998412477074,-7.652869660838334,"K0V",4.43
7.012144838729999,17.89312704868,"M3III",5.06
30.57545169054,54.48754031555,"B8III",5.04
68.9801627900154,16.5093023507718,"K5+III",0.86
46.29414106098047,38.84027619029382,"M4+IIIa",3.39
50.08484196336125,29.04845766232917,"K3IIIaBa0.5",4.47
55.53885630981,63.216796830659995,"S3.5/2",5.11
56.29846973267084,42.57853042796416,"F4II",3.8
59.463497424225004,40.01019978155972,"B0.5III",2.89
6.4377931550222804,-77.25424611998604,"G0V",2.79
28.2704392446475,29.578818669729724,"F5III",3.42
51.08070871833333,49.86117929305556,"F5Ib",1.79
52.478098350379994,58.878749133439996,"A0Ia",4.54
56.47698521152,24.55450991618,"B8V",5.76
83.38102705571,-1.1560720701299998,"B1V+B4.5V",5.34
25.446361892124575,42.61339487994944,"G1V",4.96
27.86513061761,-10.335031066289998,"K0.5III",3.72
36.50144983855,-15.341248674070002,"A3VpSrCrEu",5.83
49.99695557921999,65.65230155745,"B2.5Vn(e)",4.85
59.35601916447,63.0722638211,"B9IV",5.04
60.22419834909208,-62.15928285026389,"M4III",4.5
25.357892261787082,5.487611634559999,"K3III",4.44
33.26376742179,15.279863080149996,"M0III",5.7
55.8909744843,-10.485656988259999,"A5III-IV",5.61
69.17263542063749,41.26483482116888,"K0II-III+B9V",4.26
91.05625140505,-6.70895149805,"B1V",5.21
26.52485575357,-50.816254465990006,"M2III",5.49
42.87848894136,35.05973970443,"K5.5III",4.53
44.928718911895004,8.907385887939999,"B6III",4.7
52.71823990313,12.93666963977,"K0-III",4.1
56.20089556751999,24.28946759207,"B7V",5.46
66.00919305988,-34.01684951183,"K3.5III",3.96
70.11046426124,-19.67149187359,"M3/4III",4.3
36.10381664225,50.00654333251,"G8III",5.19
45.59791399675917,-23.624471723482227,"A3IV-V",4.09
48.05935880722999,27.256968241330004,"B6IV-V",5.76
57.38618181326,33.09136457352,"A3V",5.11
74.09281653025542,13.514468784302222,"K2-IIIb",4.06
82.81054929439388,3.2921313641666665,"B3II/III",5.46
84.26826017417,11.03499586436,"K5III",5.9
99.17099032848041,-19.25588040351555,"K1.5III-IVFe1",3.91
38.02161582704584,-15.244903767084717,"F5V",4.75
49.68261104727041,34.22265388023805,"K2IIbCN0.5",4.82
55.28273833134,37.58019663798,"B7Vn",5.57
58.53301031291666,31.88363368388889,"B1Ib",2.85
60.1700698910475,12.49034444100722,"B4IV",3.41
61.173803671547084,22.081929673256663,"K0III-IIIb",4.37
69.18996363611527,-62.077165937032035,"M8III:e",5.4
55.57894865937,19.70025513221,"B7Ve",5.69
68.37730105433,-29.76649184907,"K0+IIIbFe-0.5",4.51
68.88765817174708,-30.562342037091394,"G8+III",3.82
75.49222653615,43.82331030981,"A9Ia",2.99
76.36526836354416,-22.371034487030837,"K4III",3.18
83.78448366963,9.934164257309998,"O8III((f))",3.47
93.01366640034375,16.130403784392783,"B5Vn",4.92
48.94987708504,57.14062318321,"A0Ia",5.79
50.27834658121,3.6756225920300007,"G9IIIBa0.2",5.69
54.12241555310417,48.19263455720194,"B5Ve",4.23
55.81208557481292,-9.763391932194168,"K0+IV",3.54
56.302083304839165,24.46727376214722,"B6IV",4.3
82.80311450158,-35.47050660183,"K1II/III",3.87
52.65396722406,48.10360374735,"B8V",5.82
54.27365848581,-40.2746603362,"K1III",4.58
62.165389873278755,47.712510557601675,"B3Ve",4.03
73.5125474527996,66.34267600708583,"O9Ia",4.29
87.73996785288541,-35.76830962121,"K1III_CN+1",3.12
92.24126552976,2.49969033346,"B9V",5.73
55.1597213081,-5.21070992533,"B9IIIpSi4200",5.53
56.80975276363666,-74.2389628753575,"M1III",3.26
65.1680234826,65.14044147522,"G4III",5.27
76.53521971614,58.97237311745,"B3Ve",5.08
77.28660023210293,-8.754083776334722,"B2III(e)p",4.27
78.23292901709,-16.205463499750003,"B9IV:HgMn",3.29
80.9867824417454,-7.808062597089446,"G8+III",4.12
89.38420856924667,-35.28328098648139,"B2.5IV",4.36
90.81501527976,-26.284542797220002,"K2.5IIIFe-2",5.04
52.64368902509,47.9952163484,"K3-III",4.36
62.710711357908345,-41.99364277524639,"F2IV/V",4.93
63.50047592756917,-42.29436854309194,"K2III",3.86
81.28276355652378,6.3497032644440665,"B2III",1.64
97.24077555916666,20.212134895555558,"B6IVe",4.14
100.98302979662667,25.131127192367778,"G8Ib",2.98
72.65301036721706,8.900181169455834,"A1Vn",4.35
74.24841676022209,33.166093772077225,"K3II-III",2.69
76.96239535462041,-5.086496983969999,"A3IV",2.79
82.69604545293245,5.94813679249986,"B5IV+B7V",4.2
82.98274983152,-7.301537745826389,"O9.7V",4.63
88.95487818018,20.17518830669,"M6-9.5e",5.4
104.31918858666667,58.42276123194444,"G2III",4.35
115.12704311894,87.02010501652,"K8",5.07
111.78767390541668,8.2893157625,"B8Ve",2.89
68.49907161292998,-55.04497896378182,"B8IIIpSi",3.28
87.14558439635,-4.09464494104,"G2V",5.97
87.47303946824165,-66.90119819821057,"B6V",5.11
89.88217886833333,44.94743257194444,"A1IV-Vp",1.9
95.5284372868,-33.43639894756,"G7II",3.85
100.77071698459,44.524449467130005,"K5III",5.02
100.99702978194,13.22799990159,"K0+IIICa1",4.49
116.87634926849,33.41569686352,"M0III",5.14
120.5664038383367,2.334571901765,"K2IIIbFe-0.5:",4.38
142.88504352785,35.10327204243,"M1III",5.37
145.93294510542,14.02170308319,"M2III",5.35
154.27408023573,42.91441380519,"A1IV",3.45
169.83519729807168,-14.778539835960277,"G9IIICH0.5",3.56
181.3022159695604,8.733018576605835,"G8IIICN0.5CH1Ba1",4.12
185.0874224675821,3.312570893611389,"K0.5IIIbFe-0.5",4.96
65.73372983164,17.54251383399,"G9.5IIICN0.5",3.76
68.47803182661,-6.73891179199,"ApSi",5.72
69.54509840443708,-14.30402789671278,"K2-IIIb",3.87
70.14046880567959,-41.863751263843064,"F2V",4.45
78.07462743943667,-11.86910091103778,"B7.5Vn",4.45
83.05313179526708,18.59423660180722,"M2Iab-Ib",4.33
83.38179342795,18.54022984218,"B2IV-Ve",5.69
82.97021910681667,-76.34090168363221,"K2III",5.2
86.93912016833333,-9.66960491861111,"B0.5Ia",2.06
87.83040011603666,-20.87909184884028,"K0IIIbFe-1.5CH0.5",3.85
96.43188784936025,-48.17689908359656,"B9V",5.76
97.20445710998001,-7.033058368333033,"B4Ve+B2Vn(e)+B3V:nne",3.74
99.44030260969878,-43.195935686955835,"B8III",3.17
78.63446706693006,-8.201638364722209,"B8Ia",0.13
83.70515678066583,9.489586216834999,"B0.2IV",4.41
83.846519387785,-4.838349940276388,"B1V+?",4.59
84.22661905356708,9.2906712530075,"G9.5IIIbFe-2.5",4.09
89.93029217610834,37.21258462923103,"A0VpSi",2.62
99.13682126541002,38.44550528378,"C-N5-",5.25
109.15347732104,-23.315593963849995,"K3Ib-",4.79
75.61951434554709,41.07583198882223,"K5II+B7V",3.75
77.84529846567293,-11.849087104329168,"M6III",5.68
79.78531437463376,40.09905141137223,"G1.5IV-VFe-1",4.71
83.78449002103218,9.934155874166667,"O8IIIf+B0.5V",3.66
83.8186095697,-5.3897005033,"O7Vp",5.13
83.85827580502625,-5.909888523506666,"O9IIIvar",2.77
88.27867343944,-33.80136321786,"B5V",4.87
91.03006433050544,23.26334447236106,"G5III",4.15
93.71388839009543,-6.274776778696667,"K1III:",3.96
99.14720688444,-5.21113973142,"B8IVe",5.52
66.02400605484,17.44413091721,"A2Vs",4.8
75.85454611254374,60.44224553701305,"G1Ib",4.02
84.05338894077023,-1.2019191358333312,"B0Ia",1.69
84.79644082532583,4.121468969526665,"B3Ve",4.59
97.20446000751,-7.03305939648,"B4Veshell",4.6
116.66366828304,37.51739522188,"M3III",5.18
131.18764878532,10.08166869048,"A1VpHgMnSiEu",5.66
69.53942455778,12.51083696018,"A6V",4.27
76.24172583954,-49.57783409028,"K5III",5.01
77.33184697113,9.82958407609,"A2m",5.43
83.18197656842209,32.19202236863777,"B4Ia",4.79
83.40631655411,-62.48982679379999,"F8/G0Ib",3.76
92.9849877025175,14.208767263474169,"B3IV",4.48
95.35298558477,-11.77324059989,"B1.5IVe",5.55
81.11923634279408,-2.3971475397222215,"B1V+B2:",3.35
86.92878099876,13.89959609388,"B2IV-V",5.29
90.01395680808,-3.0742584713800003,"K1.5III-IIIbCN-1",4.52
99.47258909203,-18.23748068501,"K1-III",4.43
115.31179988937959,-9.551132713051112,"G9.5III-IIIbFe-0.5",3.93
76.69021995078,-4.65516695143,"B9V",5.12
101.32235202269875,12.895594959796389,"F5IV-V",3.36
101.83262571187001,8.037256352840002,"K4III",4.77
101.96519952348,2.41217639198,"K0+III",4.47
103.1972452606746,33.96125676049195,"A2IV",3.6
103.38711217767248,-20.224252609771387,"B1IV",4.83
83.18256716166667,-17.82228927222222,"F0Ib",2.57
85.61930095694,1.47462939939,"K1III",4.9
86.82119870875,-51.066511426388885,"A6V",3.86
95.98795782918306,-52.69566138386201,"A9II",-0.74
105.60639113581,17.755519592089996,"M1",5.94
108.65891924416667,-48.271928343333336,"B8/9V",4.76
112.76861553166,82.41146708872,"M4IIIa",4.96
89.10122287687543,-14.167699537670277,"F2V",3.72
89.78668786934041,-42.815132310185554,"G8/K1II",3.96
113.44986160177,-14.52390398785,"M1Iabe+B2",4.97
119.44547624683086,-60.30307192914083,"F9.5V",5.6
130.07277068477,-53.01539739164,"B9/A0",5.61
136.03866521203622,-47.097735077495564,"K2III",3.75
137.76832538939,-44.867902374660005,"B5Ia",5.0
86.49956259956,-32.30643396160999,"O9.5V",5.18
91.24637271722,-16.48443589962,"A3+K/M",4.93
97.96402617533293,-23.4184222041275,"B0.7IV",4.33
99.6647366193,39.39085112117,"K5III",5.69
108.38466059843168,-44.63970885887889,"M5IIIe",5.1
109.28565865855,-37.09747346353528,"K4III",2.7
114.86913903345003,17.67452183794,"K5.5III",5.05
125.70878932057252,43.18813060422277,"K4+III",4.25
140.37329296116,-25.96544062992,"M0.5IIIBa0.5",4.72
92.43327206226,23.113464505680003,"B2.5Ib",5.75
93.84453491325125,29.49807647788778,"G8.5IIIb",4.35
101.18941579111001,28.97093898152,"K4III",5.44
106.66986132734549,-11.294011010555453,"B0IIIn",5.39
109.67702081318917,-24.954361319371664,"O9II",4.4
118.26514367478458,-49.613043412726945,"B2V",4.63
119.71062893045,-60.8244612389,"B3Vn",5.81
122.38312555977059,-47.336586329303486,"WC8+O7.5III-V",1.83
137.66165423475874,30.963136422966947,"M6S",5.95
139.67648299909,-51.56064960117,"B6Ia",5.93
142.98990418519,9.715765314789998,"K2.5IIIFe-0.5",5.07
112.46421790955002,-23.02429020597,"A5/7Iab/II",4.86
115.82803204470962,28.8835088440125,"K1IIIe",4.29
125.16800719327,72.40723150189,"M0III",5.98
130.05340486262,64.32793617867,"K1+III",4.61
139.27252857166667,-59.275232029166666,"A7Ib",2.26
143.21429555749293,51.67731480847444,"F7V",3.18
146.46280673687792,23.77425377711222,"G1IIIa",2.98
154.16973994383,13.72833441766,"M1III",5.41
173.25047887756918,-31.857624437632783,"G7IIIb",3.54
97.04253341978293,-32.580068342677784,"B4V",4.48
98.22594959232,7.33296969762,"A0Ib",4.5
99.83261348225001,42.488876576299994,"K2-III",4.82
111.16744721840001,-16.201472846890002,"B2Vne",5.19
116.11184921750542,24.397996469691666,"G8III-IIIb",3.57
116.31373389138793,-37.968585259939175,"K4III",3.61
138.53420867177,-44.14582014873,"B7-8V",5.85
140.80104290633,-28.833861351429988,"G8.5IIIbFe-1",4.68
145.28763405888583,9.89230789622861,"F8-G0III+A7m",3.52
100.91102357655001,3.9325303405500005,"B0III",5.9
101.11861293479,-31.07052565495,"B2V",5.17
114.79139442639,34.58430633086,"F5-6IV",4.9
131.6938009684597,6.4188015227537685,"G1III+A8V",3.38
142.31133167344,-35.95133743857333,"K3III",4.51
144.17855301204543,31.16175962368889,"M2III",5.56
147.74732523445957,59.03873362321777,"F0",3.81
151.83313496465667,16.762663324555,"A0Ib",3.41
156.52260893978251,-16.836288604756664,"K4III",3.81
159.30718604895,-27.41263553281,"M1III:Ba0.5",4.89
107.09785021416667,-26.39319957888889,"F8Ia",1.84
108.56338216558667,-26.352508045988618,"B4Ve_sh",4.65
116.32895777437875,28.02619889009357,"K0IIIb",1.14
130.30470417271,-47.31713042593999,"A5II",4.77
167.32949799545,36.30937955332,"M4III",5.74
169.61973835928958,33.09430607022111,"K3-III:",3.49
173.22553625177,-31.08722539965,"M1/2III",5.11
189.9688713973183,-39.987301756671386,"B8II/III",4.64
190.64771378314288,-48.813110316239715,"K0III",4.66
98.81595221268,0.8902181017499999,"B7Ib-II",5.86
99.42796042942895,16.399280426663772,"A1.5IV+",1.92
108.98819635530002,27.897420977140005,"M1III",5.71
112.30763598742709,-43.30143539413861,"K5III",3.25
137.01199942675,-25.85853788063,"K4III",4.56
141.89684459585948,-8.658599531745583,"K3IIIa",1.97
142.67499823420744,-40.46673934507773,"F3VFe-0.7",3.6
146.54184663665,6.70855639132,"M1III",5.79
106.41260613120001,9.185790690760001,"M0III",5.78
108.70272505556083,-26.772667556726386,"B2.5Ve",3.82
126.38052078926,-51.72741353704999,"B3IV",5.17
128.68165214948,-49.94420212839999,"K1.5Ib",5.01
160.5588303015621,-64.46642611042111,"B3V",4.82
163.12852503102,-57.24040501064,"A0Ia",5.25
165.03860085978206,-42.225858441775834,"A3V",4.39
180.91488506159706,-42.434058448510555,"F5V",5.15
201.67986058634997,-12.707662904459996,"K5III",5.25
102.46024630194668,-32.508478839148054,"B1.5Ve",3.89
104.06662450585918,-48.72114336132056,"M1III",4.95
105.72823855471499,-4.239232114966389,"B2Vn(e)",5.0
108.9142893542,7.97774371323,"M4III",5.82
109.66824556404002,-24.55869951348,"O7Iafpvar",4.95
111.43164850380958,27.79807970844639,"G9IIIb",3.79
112.04080952897002,8.925524480059998,"K3-IIIFe-0.5",4.3
114.13181033222,46.180286627179996,"M0III",5.65
114.01622127806,-14.492771915379999,"B2Ve",5.7
115.06122118372,38.34454087311,"M0III",5.73
131.67728441808165,-56.769776253820275,"B3V(n)",4.49
138.90295057607,-38.56994296101,"K1III",4.94
103.53313445883,-24.18421097264,"K2Iab",3.87
110.03072735754377,21.98230404962861,"F2VkF0mF0",3.53
114.70572976186001,-26.80175681616,"B6V",4.5
122.85788739942956,-42.98727792237056,"A5Ib",4.75
138.60202435889,-43.22748943773,"B3/5V",5.25
145.39631853109,31.277813496990007,"K6III",5.84
147.86947907884206,-14.846628713346947,"G7III",4.11
148.71751874799,-19.00933885796,"K5III",4.94
106.02721349362085,20.570298465267225,"G1Ib",3.79
108.14010473493543,-46.75930460719945,"F3VFe-1.0",4.49
109.1458033862,-27.88117904547,"M2III",4.64
130.8980726264225,-33.18638327946639,"B1.5III",3.68
144.50604759952,-43.19094006689999,"G8IIIBa1.5",5.5
158.0061045480125,-61.68533195288,"B4Vne",3.27
159.38863730625002,-13.384542478611111,"C-N5",4.82
176.40172787504667,-66.7287577037325,"A7V",3.65
123.33319648832,-15.78822467489,"G4Ib-II",4.99
134.6830531843296,-16.132727123434446,"G2VFe-1.8CH-1",5.86
138.39355559813,-47.3384062189,"B9V",5.92
144.20641315882747,-49.35502549652584,"A7V",4.35
184.39281518409328,-67.96073681176279,"M4III",4.02
187.57268878966997,-23.69641819045,"M0III",5.63
108.67490943055,24.88498429463,"M1III",5.82
112.27799528660326,31.784549252299783,"F1V",4.18
116.53103507765998,18.5099981036,"K4III",4.87
121.88603676458334,-24.304324429444446,"F5IIkF2IImF5II",2.81
129.7987692137,65.02090642292,"G0.5V",5.64
130.15654669942333,-46.648740109134444,"F0Ia",3.81
132.63301083315085,-27.70984159252084,"K2.5III",4.01
138.93783236075,-37.41314385659,"F3/5V",4.62
141.16357779905084,26.182324291628607,"K2IIIb",4.46
144.96400613436165,-1.142810731513889,"K2.5III",3.91
114.82549790798149,5.224987557059477,"F5IV-V+DQZ",0.37
117.92495302825,1.76686846141,"B8II",5.16
119.56016067830998,-49.24491520556,"B1Vp+B2:",4.41
129.77150606677,-70.38674387752,"A0V",5.2
130.91780423934,-49.822800832,"B1/2II/III(n)",5.16
154.17256318434792,23.417316988991107,"F0IIIa",3.41
156.31331456884,8.78484384598,"M3III",5.61
191.28260867319,45.44025730789,"C-N5",4.87
193.35913209457917,-40.17891354020334,"A4IV",4.27
119.24771933625,15.790278302840003,"K3-III",5.78
125.63205878624781,-48.49037863888738,"B2III",4.82
126.68307990811,12.65460913442,"M3IIIa",5.5
134.8018900723819,48.04182614451662,"A6",3.14
142.93012390931915,22.967981285818055,"K4.5III",4.31
165.45698452281042,-2.4845904574794444,"M0III",4.75
170.70657494997,43.48269846413,"G8IIIa",5.03
183.9515450373768,-17.541930457603193,"B8III",2.58
201.2982473615632,-11.161319485111932,"B1V",0.97
120.37620137937,16.455311034210002,"B9.5Vn",5.99
122.81793876918377,-12.926998685673055,"G8.5IIIb",4.72
136.99899113791412,-43.432590908860746,"K4Ib",2.21
140.26375087702914,34.39255928934889,"K6III",3.14
144.6137022018196,4.649292767776666,"K3III",4.68
158.86710645807833,-78.60778853923416,"K4III",4.12
163.32787152823542,34.214892133082785,"K0+III-IV",3.83
165.46033229797294,56.382433649496384,"A1IVps",2.37
167.14165761612,-61.94717569912,"B9.5Ia",5.19
182.91299894987998,-52.36844011674,"B3V",3.96
193.5072899675,55.95982295694445,"A1III-IVpkB9",1.77
203.69920319171,37.18241439635,"A6m",4.98
129.98999374024,-53.05472684087,"B5IV",5.19
131.17124658768913,18.154308069054167,"K0+IIIb",3.94
145.32086129214542,-23.591514310302497,"B5V",4.76
148.190904223595,26.00695118609,"K2IIIbCN1Ca1",3.88
156.7879193306,-31.06777913925,"K3III",4.25
161.56894718071,-64.51456179131,"B6Vnn",5.34
174.23721152069376,-0.8237499422280555,"G9IIIbFe-0.5",4.3
193.74393083397206,-44.15193195884278,"F9Vp",5.89
136.93670647549,10.668199885229999,"B8IIImnp",5.24
138.29990608310192,-69.71720759721548,"A1III-",1.69
148.42885098643,5.95857617208,"M2III",5.95
152.34121988981,-61.549009306520006,"K5-M6e",5.71
167.41041806264,43.207734349780004,"M2III",5.89
176.4648316583329,6.529374721233055,"M1III",4.04
140.43036583864,56.69922042706,"M4IIIa",5.47
151.9761254861525,9.997506874934166,"K3.5IIIbFe-1:",4.38
163.37356713128625,-58.85317036981778,"K0IV",3.79
176.62946888804873,-40.50035718532611,"G2V",4.88
182.08957348875,-50.722427392777774,"B2Vne",2.52
206.85579704775998,-17.859838491409995,"M2III",5.43
218.67007244468,29.745127131650005,"F4VkF2mF1",4.47
156.43446211236,-7.05982676916,"K6IIIFe-0.5",5.56
175.262567794255,34.20163377929139,"G8V",5.34
188.1167205253554,-72.13298978942889,"B5V+A:",3.88
189.59335710550997,1.85466101885,"M3+IIICa0.5",5.71
211.670614682339,-36.369954742511496,"K0-IIIb",2.05
213.01670692149872,69.43254748838528,"M2III",5.24
225.24311792452997,-8.518947335770001,"A0V",4.93
230.34981387288997,31.36738468813999,"M6.5-8e",5.8
237.1849050094375,18.141564908046668,"M0.5IIIab",4.09
238.66470688852996,-25.24373887948,"B8III/IV",5.87
239.5473677093554,-14.279355863636946,"B5IIIp_sh",4.87
169.32250195805,2.0105558593772215,"M0III",5.18
175.0532896415775,-34.74465833354389,"B9V",4.7
202.42825066102745,-23.28131989694222,"M6-9e",4.97
220.93513997409997,40.45925287078,"K4III",5.73
235.44756139817,12.847526029400003,"A2VpMnEu(Sr)",5.33
238.65770717870998,43.13856391261,"M3-III",5.38
157.39741176314,-30.60706510606,"B9/9.5V",5.56
187.46606318416664,-16.515431261666667,"A0IV(n)kB9",2.94
188.37059715355997,69.78823885895,"B6IIIe",3.89
199.73040703832623,-23.171514006915,"G8IIIa",3.0
207.40411953020498,-42.47373340873611,"B2Vnpe",3.43
224.18327105166122,-62.78102093483,"B2III",5.11
227.98363863276998,-48.737824987530004,"B9.5Vne",3.7
162.4062010556029,-16.193647060365556,"K1.5IIIHdel-0.5",3.11
175.39273503938333,31.746048628373888,"F5",5.75
183.51123939582672,-45.72391614604974,"K3III",5.31
186.26336747943998,56.77782816855,"M3III",5.81
246.02574060841243,-20.03732005239416,"K0-II-III",4.5
249.68685420526998,48.92834232506,"M2III",4.9
251.83227894786995,42.23891602905999,"M4.5III",5.87
271.363688269495,2.5000988299620857,"K0-V",4.03
160.73917486416664,-64.39445022111111,"B0Vp",2.76
242.2429538510379,36.490870568733335,"K1-III-IV",4.73
204.97190723090242,-53.466391146088995,"B1III",2.3
213.73807628646,-57.08612483487,"B4Vne",5.07
222.75446675218163,-2.29915029439,"K0III/IV",4.94
230.7889609843454,-36.85848830557861,"B4V",4.54
236.34782792631,5.447319450129999,"A0V",5.58
239.22115500019038,-29.21407444355972,"B2IV-V",3.86
190.37933367081536,-48.959871515023295,"A1IV+A0IV",2.17
196.72766418042875,-49.90624642011722,"B3V",4.27
214.0959100349329,46.08830429435917,"A0Va_lB",4.18
215.77405781325,-27.754017252160004,"K4III",4.75
220.85567727263,26.527853383836113,"M3-III",4.79
222.57211788284,-27.960361231049998,"K2.5IIIbFe-1:",4.41
172.9533314481,-59.51564711643001,"A2Ia",5.14
182.06126930972,-48.69251140126,"B9.5/A0V",5.34
184.74900699601,-55.14298044423,"M1III",5.01
193.27877637169166,-48.94331288258333,"K3/4III",4.33
205.1844697399329,54.6816350097275,"M2III",4.66
206.88515734206297,49.31326672942533,"B3V",1.86
208.88494019857197,-47.28837451101241,"B2.5IV",2.55
215.08142780986415,-56.38649549140083,"B5II",4.35
219.89609628987276,-60.83752756558407,"K1V",1.33
221.62080455756,-47.44111756289999,"A1V",5.74
222.7196378915803,-16.041776519834446,"kA2hA5mA4IV-V",2.75
231.95730858154164,29.10569295567611,"F2VpSrCrEuSi",3.68
165.9319646738126,61.751034687818226,"G9III+A7.5",1.79
167.41586789931586,44.49848775473417,"K1III",3.01
190.47107061461998,10.2356257137,"A0Va_lB",4.88
221.3102522575375,16.964276615643886,"G8.5III",4.6
224.63302234983436,-43.13396384896446,"B2IV",2.68
231.82554358776,-36.76755964775,"B5V",5.45
237.81628864635454,20.977920432955003,"K4.5III",4.78
240.03053298351495,-38.39670506249139,"B2.5IV",3.41
174.61503105667794,8.13429428004139,"M4.5:III",5.36
187.52775831911,69.2011039547,"M3+IIIa",4.95
208.80059277674,-52.16082147991,"B9V",5.71
214.36854793707997,15.26338049573,"M3III",5.8
216.27636230594,-68.19533376819,"A1Iab/b",5.62
225.33260925311998,-2.75492280562,"K4/5III",5.52
226.56965572257,54.556317939550006,"G8IIIFe-1",5.25
230.03566104341996,29.616207017300002,"K0III",5.51
237.40502901603867,-3.4302043802099975,"B9.5III",3.53
238.64421749586,20.31096751605,"K8IIIb",5.44
239.6452773729,-24.831489368690004,"B5V",5.43
244.79672154213,49.03815837259,"K6III",5.91
245.4800609282779,19.153128540107776,"A9IIIbn",3.76
182.02175944332998,-50.66127095876,"B5V",4.47
200.14922006503957,-36.712304581225,"kA1.5hA3mA3Va",2.73
214.0036178170021,-6.000547078703056,"F7III",4.08
215.75932801672622,-39.51181793325,"B2V",4.42
217.9574555385208,30.371436570076384,"K3-III",3.59
224.84631460990997,4.56776059964,"M2.5III",5.93
230.4506246271504,-48.317630529697226,"G2-V",5.65
242.11698245115997,8.534310907539998,"M4IIIa",5.73
242.90848081090996,23.49480139974,"M3III",5.7
245.08667298220666,-78.69574842204916,"M4III",4.68
264.4613048316225,-8.118771748269722,"B8II((Mn))",4.62
266.61478040032705,27.720711383034715,"G5IV",3.42
211.33283724970335,-76.79676185989,"M6.5III:",5.5
214.04137401169996,51.36723019546999,"A7V",4.75
221.5247612470862,15.131780882534722,"M5+IIIab",5.63
235.0889795186,-73.44666720333,"B7III/IV",5.65
245.29714880583333,-25.592792076666665,"B1III+B1:V",2.89
249.2897502448742,-10.56708603964,"O9.2IVnn",2.56
250.33506495784,-48.76298068473,"O3.5-4III(f*)+O6IV",5.65
257.1966155398917,65.71464532697362,"B8III",3.17
269.44119030886577,29.24787944585528,"G8.5III",3.7
207.3613413833062,-34.45077353097945,"M5-III:",4.19
210.43127903188,-45.60340960604,"F7II/III",4.33
211.98231420818124,43.854452382092504,"M4.5III",5.28
218.88116266782998,-41.51744226349,"B7V",5.87
219.90205833170774,-60.83399268831004,"G2V",0.01
248.52091401572375,-44.04531127887388,"O9.7Iab",4.94
251.83190973418,-58.34144420074,"B0Ib",5.61
252.89050752178,-41.23053319986,"O8Iaf",5.22
253.50765574400458,-41.80638538865194,"B0.5Ia",5.45
203.67329732802997,-0.59581641612,"A2Van",3.38
206.42184974420917,-33.04371697217305,"F2V",4.23
208.91198185368998,-82.66619086568,"K2III:CN-1CH-2.5",5.94
218.0194653313254,38.3082480800211,"A7IV+(n)",3.02
233.54459368393248,-10.06453270847,"K1III-IV",4.62
241.8513625582242,-20.868764431784726,"G4II-III",4.33
247.3519154198264,-26.432002611950832,"M1.5Iab+B2Vn",0.91
248.1512165788667,11.488041151238058,"K4.5III",4.85
254.4170729283867,9.375029020125002,"K2III",3.2
209.66978618791669,-44.80358582416666,"B2IV-V",3.87
220.62675271705453,-64.97513301263639,"A7VpSrCrEu",3.19
225.48650960185543,40.39056857046112,"G8IIIaFe-0.5",3.52
229.23706629149999,-60.95725557726,"O8V",5.09
232.87842553883,-73.38959153989,"B2Vnpe",5.49
243.58641259114916,-3.6943257851008338,"M0.5III",2.75
244.75173504195993,-14.872813975050004,"K3IIICNVp",5.94
245.99785970199997,61.51420976085001,"G8-IIIab",2.74
255.0723889947846,30.926404226060278,"A0V",3.92
218.8767673375,-42.15782521722222,"B2Ve",2.31
224.36666996615494,-21.41547979591945,"K4V",5.72
229.7274220385625,-68.67954667374444,"A1V",2.89
231.23239085120377,58.966065864404726,"K2III",3.29
242.03161129716997,-26.32668091272,"M2III",5.38
245.62174300932998,33.70347908022,"K5III",5.39
247.16062326666164,41.88167914303528,"M6-III",5.01
268.38220642831584,56.87264192915222,"K2III",3.75
212.7103627392692,-16.3020307042407,"M2IIIa",4.91
224.39587328309622,65.93244851210666,"M4.5III",4.54
238.785675265,-63.43072653638888,"F1V",2.85
240.08335534565887,-22.621706426005783,"B0.3IV",2.32
248.14868926945,5.521219935990001,"B9.5III",5.63
252.66232706583997,29.806539688910004,"M1III",5.72
260.22585792146,24.49943577999,"A2V",5.12
265.24394331645,-32.21446232125,"K2IbHdel1",5.6
268.05692213753,-34.79919702547999,"B5IVp",5.9
212.07209479917998,49.45816567982,"M1.5III",5.25
252.54087838625,-34.29323159305555,"K1III",2.29
260.07862892281,18.057079294770002,"M2III",5.0
260.81698433435,-47.4681960227,"B1V",5.25
268.85495144838995,26.04999123824,"F2Ibp",5.36
269.62562336379244,30.189274347854443,"kA9hF2mF2(IV)",4.41
273.80377637136,-20.72826877788,"O9.7Iab",5.37
207.36933869583623,15.797904644250833,"K5.5III",4.07
214.16131285983997,-66.58789695796,"B2III/IV",5.75
214.88533222717996,-2.26551630578,"G9IIICN-0.5",5.14
221.5621810306004,1.8928838280086113,"A0IIInn",3.73
224.29582868978,-4.346458683819999,"F2V",4.49
228.57989792190997,-70.07947591614,"C5,5",5.81
229.70476361891,-60.496332211950005,"O8IV((f))",5.46
234.5133623464971,-42.56733568869945,"K3III",4.33
247.55198028769166,-25.115221268905003,"B2.5V",4.79
253.74377127994,-41.15085918767,"O8Iape",5.77
226.0175617057,-25.28196957961,"M2.5III",3.21
239.02463055140998,-60.48248462685,"A1IV/V",5.76
241.52662138516,-23.606347122610003,"B8V",5.92
244.31396303711,59.75501684316999,"M4III",5.4
253.49886304786997,-42.36202981513001,"B1.5Ia+",4.79
257.5945287106208,-15.724906641710527,"A2IV-V",2.42
271.83743686336254,9.563846726640831,"A5V",3.73
218.66508618453997,49.36835357935,"M1III",5.74
220.7650999448383,-5.658201376752223,"F2V",3.88
229.25172424914246,-9.382914410334685,"B8Vn",2.62
231.44748901928997,15.428036351079996,"M1III",5.17
233.81216090033996,39.01006741863,"M1.5IIIb",5.11
236.54689658602248,15.421819296846387,"A2IV",3.67
242.19240090854004,44.93490593204,"B9VspHgMn",4.27
256.20563190364,-34.12292824455,"B2Iab",4.87
261.47651858884,16.917577779220004,"M4-5III",5.98
269.7566342235884,-9.773633604669445,"G9IIIa",3.34
233.23242559618694,31.359132267070578,"B6Vnne",4.13
238.4564080092892,-16.729297046860832,"G9IIIb",4.16
242.18216786059,-23.685412072569996,"B9V",5.88
248.97063688749995,-28.2160170875,"B0V",2.81
251.45788311706002,8.58261352458,"K5III",5.15
266.89009978762,-27.830787716359996,"F7II",4.54
267.4645037403808,-37.04327637830389,"K2III",3.21
233.61047585937996,-9.183438947580001,"B5V",5.17
240.85078968838295,-38.60253931720889,"B5/7III/IV",4.89
243.86931238958996,18.80808822064,"K3III",5.69
247.5550013403688,21.489610745563056,"G7IIIaFe-0.5",2.77
262.77463997460376,-60.68384495524666,"B8Vn",3.62
269.98419001828995,45.50137751138001,"M0III",5.67
271.65778414428,-50.09147988308306,"B0.5Iab",3.66
233.50711546224,-40.066432859680006,"M2III",5.82
251.94341675687997,5.2467475936,"A1VpSi",5.24
260.08800452082,46.24077866231,"M0III",5.59
261.69227212225,34.69580108275,"A0V",5.94
271.25511014821,-29.580089506210005,"G0Ib/II",4.69
294.86038592205,42.81826140669,"B9III",5.4
296.4164467086,7.613157314860002,"A3IV",5.91
239.71297182416666,-26.114107945,"B1V+B2:V:",2.91
248.03416825649919,-21.466403368627223,"ApSrEuCr",4.45
266.9731691245113,2.7072791218991665,"A1VnkA0mA0",3.75
292.66598704309166,-2.7888874551094442,"K5III",5.03
297.76711795234,22.610048054990003,"B2.5Ve",4.96
299.68928429315497,19.492146130476666,"M0-III",3.47
259.7659897989304,-46.63623344916972,"G9V",5.48
263.67705055724,-32.58166540311,"O7V",5.7
274.9654546035813,36.06454748289472,"K2-IIIabCN0.5",4.34
282.44132594672,32.81281845627999,"B3IV",5.91
286.56224439258,-4.88256274593,"B8.5V",3.43
293.6454043779,19.773400633919998,"B8IIIn",5.0
272.02074505330586,-28.45709265001583,"G7:IIIbCN-1CH-3.5HK+1",4.56
275.38609810309964,49.12159267363778,"M2III",5.05
284.4325007886946,-21.1066575942875,"G8/K0II/III",3.51
244.58037593556583,-4.692513152746668,"G9.5IIIbFe-0.5",3.23
245.15905738420497,-24.16930429935139,"A5II",4.57
246.35397780919,14.033267242409998,"A2VpCrSr",4.58
247.92403654832998,-41.81714793491,"B1Iaeqp",5.39
250.7240206060716,38.922254919646385,"G7IIIFe-1",3.5
254.99044599421998,-25.09219951502,"M1/2III",5.86
255.78279625863996,14.091948331689998,"M3-III",4.98
270.16131578875,2.93156483414,"B4Ib-II",3.93
274.29844600569,-17.373892025339998,"K2III",5.75
275.72114764676,-36.66955557253,"B7Ib/II",5.34
283.55519690051,27.909527258610005,"K4III",5.62
288.85358093235,30.52638274889,"M0III",5.85
295.45397291507,50.52506098244,"G1.5Vb",5.95
246.75598154079785,-18.456249989236664,"B2Vne",4.43
261.6578398576724,-5.086598463661944,"F3V",4.54
269.06325406138296,37.250536666711376,"K1IIaCN2",3.88
276.99266966041665,-25.421698496944444,"K1IIIb",2.81
286.17075850011827,-21.741495958675554,"G9IIIb",3.77
286.65722641389,28.628595114880003,"F0III",5.55
290.4317608155338,-15.955017423970556,"B2Vp_sh",4.61
290.39799262491,76.55959921158,"C-N5",5.94
292.68915075746,27.96527475517,"B8Ve",5.11
259.41772165855,37.291506287580006,"A2V",4.65
260.502413945,-24.99954638166667,"OB",3.26
270.96852085459,-24.36073118167,"O4V((f))z",5.97
275.924540442535,21.769752669179447,"K2IIIab",3.84
286.24114462673,31.74407087999,"M0III",5.56
288.3146766774062,-12.282580653911944,"K3III",5.51
299.00526206144,16.63479501567,"F7Ib",5.36
305.1658991456237,-12.759080634501943,"B9IV",4.76
317.39853468273077,-11.371690400280835,"K0III",4.52
258.7579607430354,24.839206966655976,"A1IVn",3.13
260.1648643743333,32.46774387746111,"G0V",5.39
261.3249491888263,-55.529881687777774,"K0/1Ib",2.85
275.07464556921,21.961296409390005,"M1III",4.96
291.61952711619,19.89149495196,"M0III",5.87
318.23410828951364,30.226898680620003,"G8+III-IIIaBa0.5",3.21
261.62866972302993,4.14035937929,"K2II",4.31
262.8539744625691,-23.962643000745558,"A0V",4.81
277.8434397015254,-62.278302707725004,"B7III",4.64
286.35253339791666,13.86347728111111,"A0IV-Vnn",2.99
295.02413054827,18.01389072819,"G1II",4.38
297.6413389293104,32.91404875869277,"S6-9/1-2e",4.24
299.93407914614124,-35.27630831684028,"B3IV",4.37
300.3689347584199,64.82097632928,"M1III",5.27
263.9149639867754,-46.50568440305083,"A0V",4.59
265.31767951078,-46.92183644873,"A0V",5.79
284.65186493933,-60.20054790136,"K2IIICNIV",5.14
286.42158421245995,-15.660419596939999,"B8III(pSi)",5.97
288.16963243902,-7.939517718020002,"B2/3II",5.34
297.64164771248,38.72241809232,"M2III",5.12
301.0964616007,-0.70930849573,"K3III",5.68
308.30322026626874,11.303266387445278,"B6IV",4.03
309.68327716413,13.31512651698,"K3Ib",5.71
270.01423548896,16.750917942879997,"K0.5IIb",4.67
271.59883132989,-36.01978627702001,"G1V",5.95
275.53625218856,23.28517468228,"K5III",5.41
278.19231163461995,23.616797141189995,"K5III",5.84
281.08066870117335,-35.641988399472496,"B2V",4.87
287.06959111015,-19.290288321530003,"B2Ve",5.49
288.1387557204383,67.66153865705445,"G9III",3.07
291.3745891389376,3.114779474957126,"F1IV-V(n)",3.36
295.26224564633,17.476042411220003,"G8IIIaCN0.5",4.38
296.24365384430797,45.13081463141527,"B9.5IV",2.87
297.65718136967536,52.98799731814,"K3IIICN2",5.03
300.24573434842,8.55773637129,"K5III",5.91
304.41195470044,-12.50821218603,"G3Ib",4.27
271.45203374499994,-30.424089849444446,"K0+III",2.99
281.61914094230997,-0.9616924715700002,"kA3hA5VmA6",5.9
284.56145126729996,17.360915988230005,"F6Ib",5.38
295.93790234265,41.773111015910004,"M0III",5.84
305.9715694156583,-42.42287154722226,"A5V",5.64
309.3918007182825,-47.29150144924972,"K0III-IV",3.11
281.51866455831,26.662128907930004,"K2III",4.84
289.0920557052191,38.1337420450175,"K0II",4.38
293.42335852847,49.26231875403,"M4.5III",5.96
297.99611984945,47.02733863304,"O9.5Iab",5.63
304.4466748889121,38.03293031463083,"B1-2Ia-0ep",4.82
312.2345483006,46.11413434584,"B2.5Ia",4.86
323.4952210208758,45.59183890429417,"G8IIIFe-0.5",4.02
331.28662397211997,62.27981460275999,"O9Ib",5.11
332.10804802652206,-34.04384057504694,"K4III",4.99
275.34577600080996,-18.86000179179389,"F8II",5.75
281.41552366368626,20.54630919062889,"F5.5IV-V",4.19
284.16869138651,-37.34325035042,"B3V",5.38
284.90565157804997,15.06828104146,"K1-IIICN0.5",4.02
285.420120295185,-5.739089504799445,"K1III",4.02
287.440970525,-21.023613981944443,"F2II-III",2.88
289.05432998546,21.39042903203,"B4IV",4.77
288.88743875065,73.35552175418,"K2+IIIbCN1",4.45
291.53802886452,36.31789781871,"B8pSi(FeII)",5.15
304.9024776324,47.89419352273,"C9,2e",5.9
319.84258655844167,64.87185701188666,"B3IVe",5.18
272.97565259927,31.40534897706,"M3III",4.97
277.85705801878,-10.79583566012,"B2V+",5.72
278.8017798215825,-8.24407051095861,"K3III",3.83
283.77973942564,-22.671283787580002,"K3-II-III:CN1Ba1",4.98
290.4181660991359,-17.847198585185275,"A9IV",3.93
309.5845187022,-1.10511725043,"G7.5IIIa",4.33
311.9189565534167,-9.495776926900833,"B9.5V",3.77
313.95751655382,47.41765669262999,"B7Ia",5.64
320.19008098640995,-40.80961670725999,"ApCrEuSr",4.82
326.12789917532706,17.35001747222167,"G5Ib",4.35
328.12465334104,28.79354185549,"F2V",5.53
333.9924037482759,37.74873522918861,"K3-II-III",4.15
282.51997976764824,33.36266676977778,"B8.5Ib-II",3.42
303.00292297134,26.47880660233,"B7Ve",5.92
322.88971698347876,-5.5711748280636115,"G0Ib",2.89
324.4379573858483,-7.854201596771944,"K0III",4.69
337.66175584903,-10.6779180573,"A0IVs",4.81
342.50080447836956,24.601581283481668,"G8+III",3.48
351.34492863566044,23.40410081022638,"F8III",4.4
276.49494575693996,29.82893027789,"A2IV",5.83
286.73501297132,-27.67041563722,"K1.5IIIb",3.31
291.37358156858,-23.962453665290003,"K3III",5.43
317.58541696715,10.13158110216,"A9VpSrCrEu",4.68
337.3826173137183,47.706905899615,"K9Ia+B2V",4.37
339.71444441216,-33.08134633197,"A0V",5.66
341.02282798775,41.81923481477,"G8III",5.08
343.80695367221,8.81618146013,"A1V",4.9
349.291404638535,3.282290469004722,"G9III:Fe-2",3.7
353.2427529291475,-37.81828488197584,"B9.5IIIpHgMnSi",4.37
284.69551694637,13.90665047547,"A7VpSrEu_Ksn",5.89
291.36917783238,19.79835282752,"G9III",5.16
294.11055446568747,50.22110138999945,"F3+V",4.48
311.852240262079,36.49071491221397,"B5V",4.54
325.8769148160595,58.78004609373167,"M2-Ia",4.08
328.8791656633895,65.3208094993011,"B2Ve",5.86
331.41979568426,5.05853016411,"K4III",4.84
345.02125509105997,56.945375243419996,"G4_0",5.13
348.13751463414246,49.40620720203916,"F1V",4.52
275.3275020516146,-2.8988279698980564,"K0III-IV",3.25
281.19315450619,37.60512165338167,"kA5hF0VmF3",4.36
316.6260175130399,31.184656360129992,"F7II-",5.82
326.2367069546779,-33.02578182224082,"A0IV",4.34
326.76018433125,-16.12728708527778,"kA5hF0mF2III",2.83
336.23486945563326,-57.79745588794416,"G2IV-V",5.31
337.31739147484666,-43.49556159542195,"G6/8III",3.97
338.96707938849,39.62814992738,"B1.Vs",5.67
340.12857697935914,44.27630746036666,"K2.5III",4.46
345.96922173068,3.8200456395047224,"B6Ve",4.52
283.68702078975,22.645075413740003,"G8III+:+A0.5",4.6
288.42792164863,2.2936973048900002,"B8III",5.15
303.30785352675,-1.00936338722,"K4III",5.47
305.02504865138,68.88031782575,"M4.5-M5III",5.55
309.3872554152033,14.5950887473128,"F5IV",3.63
314.14490794294994,44.92472246998,"O6.5V((f))z",5.96
331.95959948133,21.70292674519,"B7Vne",5.78
353.74601163121,71.64204416773,"G9Ib",5.84
290.65958004976,-44.45895838469,"B9V",4.01
293.5223041337724,7.378940091535001,"K3-IIIbFe0.5",4.45
311.21880312981,25.27062987318,"K1III",4.91
312.86765990349,28.25050545082,"F5Ib+A0.8V",5.77
313.64016323023,28.05762369291,"K4III",5.01
316.1012368913642,-19.855091882216946,"A5V",4.84
322.1649868804167,70.56071518916666,"B0.5IIIs",3.23
324.0104058933008,45.37458980029834,"M4e-M6eIII",5.38
332.05826969609114,-46.96097438191952,"B6V",1.71
332.49684591383624,33.178222333123884,"F5II-III_sh",4.29
342.39792075111455,-13.592628543936945,"M0III",3.98
296.5649123092774,10.6132587226325,"K3II",2.72
297.69582729638694,8.868321196436963,"A7Vn",0.76
298.81539480844083,-41.868304455765,"K0II/III",4.13
305.96505748844504,32.190133789770556,"K2.5IIIFe-0.5",4.44
313.47454867337,33.43789256091999,"K5III",5.47
314.95647551979,47.52093437401,"B1.5Vnne",4.75
324.48010058101,62.08194177133,"B2Ib",4.73
341.41993574073996,-46.54732418903,"K2III",5.51
346.7780911960067,25.468270516988333,"K0.5II:Ba1CN-2CH-0.5",4.74
354.39101158367913,46.45815131141917,"G8IVk",3.82
0.49008113222000005,-6.01407055668,"M3III",4.41
298.5344857040399,-8.57421087533,"K5III",5.79
304.52911748648955,40.73208336777597,"O9IV(n)+B1.5V",5.84
305.93487102610993,37.47644707105001,"B2IIIe",5.9
312.95537723912,-26.91913484546,"M0IIIBa0.5",4.12
316.7819506660321,-25.00585263557027,"M1-III",4.5
320.5616499287887,-16.834543892793892,"G7IIIFe-1.5",4.27
321.66679439709753,-22.41132034516556,"G4Ib:Ba2",3.74
325.0226892543413,-16.66237119824361,"kF0hF1VmF2",3.67
298.00664297035,24.99216317561,"A2Ia",5.57
300.7044618618392,67.87356411482388,"K2+IIICN1Ca1",4.5
304.5135649821425,-12.544852120195275,"G9III",3.58
305.25277749238,-14.78140760208,"G9II:+B8p:Si:",3.08
310.01226805726,-18.13865741239,"M1III",5.1
313.7024920504803,-58.45414476248056,"K1II",3.65
324.7400815716799,57.4890427823,"O6.0V((f))+O9:V",5.62
326.04648391416663,9.875008653333333,"K2Ib-II",2.39
328.72147453372,56.61122639582,"B7Iab",5.8
337.50756023151,32.57263847719,"B9.5V",5.65
303.8680175512,47.71422609236,"K7Ib-II+B1V",3.98
313.31149497037376,44.38726329637638,"B5V",4.77
325.3869116932721,-14.047612442258888,"G2IV",5.18
331.60928058509376,-13.869680561132501,"B8V",4.27
340.66687612556166,-46.884576444824646,"M4.5III",2.11
342.4200728828125,66.20040505350917,"K0-III",3.54
344.10832662542,49.73354408009,"K5Ib",4.94
345.9435727452067,28.082787124606668,"M2.5II-III",2.42
302.1817036316884,-66.18206743589695,"G8IV",3.56
302.82619454879625,-0.8214635937475,"B9.5III",3.22
303.942263318,27.81419889336,"K3-IIIFe-1",4.52
307.39543861014,62.99411033485,"A7III",4.22
323.69411193909,38.53406678887999,"K0.5IIIFe0.5",4.91
329.1630895679788,63.625550454566664,"M2Ibep+B2?ep_sh",4.9
331.4459814409479,-0.3198509554241667,"G2Ib",2.94
332.5499525505046,6.1979215882049985,"A1Va",3.55
336.96467965109747,4.695667905682223,"K1-III-IV",4.8
341.63282462498836,23.565656099650834,"G8IIIaCN0.5",3.93
346.19022269142596,15.205267147927536,"A0IV",2.48
305.51429344192,24.446101386289996,"B6IVe",5.56
316.23274973463543,43.92785334950944,"K4.5Ib-II",3.73
326.36218806843,61.12080560639389,"A2Iae",4.29
337.8229225889383,50.28249164252277,"A1V",3.77
340.43918403521,29.307675284260004,"A1IV",4.79
356.59798519723995,3.4868108470199997,"C-N6",5.02
310.35797975307673,45.280338806527574,"A2Ia",1.25
328.48215125261004,-37.36487221701779,"B8IV-Vs",3.01
334.20848618584,-7.783288742531944,"G9II",4.16
339.3434079935154,51.54512102229361,"A9VkA7mA6",4.63
340.75053685395,30.221214713719995,"G8II+F0V",2.95
344.4126927211701,-29.622237033389442,"A4V",1.16
345.4802708143367,42.32601551823333,"B6IV/V_sh",3.62
351.51160776192575,-20.642017986579994,"K4.5III",4.39
0.45603380293,-3.02750328334,"B7III-IV",5.1
307.82840228183,49.22029549804,"M2III",5.44
309.47803207124,18.26858187279,"M6III",5.89
311.8522149781196,36.49069443250668,,4.76
311.9343269618446,-5.027701147756111,"M3III",4.44
314.2934113771354,41.16713095223666,"A0IIIn",3.94
318.6200637820833,10.006979410555555,"F7(V)+G0(V)",4.49
332.71365710650707,58.20126183406695,"K1.5Ib",3.35
337.4393047889025,-43.749218877369444,"M4.5IIIa",4.11
348.97289187323753,-9.087734712236944,"K1-IIIFe-0.5",4.25
352.28874683255,12.76054988093,"G8IIIa",4.56
319.61327592469,43.94594420774,"O7.5IIIn((f))",5.0
321.61085409436373,-65.3661980715336,"F9VFe-1.4CH-0.7",4.22
354.53416793938504,43.26807305495556,"B8V",4.29
358.69426754020293,0.10931252103305557,"M5III",5.61
322.18083626173666,-21.807179760148607,"G7IIIbFe-1",4.5
332.09588059226,-32.98846990784,"A1.5IVn",4.5
349.43603027376,49.01530081413999,"M2.5IIIBa0.5",4.86
332.87740212959994,59.414487295799994,"O6.5I(n)fp",5.05
334.62546848872375,-60.259629544748336,"K3III",2.82
335.78327926116,-45.928488349,"F0V",5.62
337.8763771806121,-32.34607529737001,"A1Va",4.29
351.9920611016038,6.378992306441944,"K0.5III",4.3
358.12203262871,19.12028598553,"M2III",5.08
359.9790714155233,-65.57713261825444,"B8V",4.47
335.8900971399658,52.22904671718861,"G9IIIbCa1",4.44
343.15364185224,-7.57959692371,"M2.5IIIFe-0.5",3.79
343.66252607413,-15.820819565200004,"A3Vp",3.28
349.4758905025,-9.182518756666665,"B5V",4.4
359.43969396680626,25.141405248638332,"M3III",4.66
359.6036178271,51.38880917483,"M6.5-9e",4.8
336.12913122019995,49.47639182907,"B9Iab-Ib",4.58
338.2502571342492,-61.98212181838499,"M4III",4.81
347.36165018724955,-21.172415205008054,"K1.5III",3.64
350.7426076279984,-20.100582088853056,"K1III",3.98
353.76900152353,-42.61513979887,"ApSrCrEu",4.71
348.58065933507993,-6.049006424670001,"M1.5III",4.22
0.5431196641087498,27.081833083809446,"G5VbFe-2",5.75
116.98630339583332,-12.192756827777778,,5.73
193.32399301268,21.24498319913,"G7III",5.04
138.12718295151205,-43.61325488716361,,5.98
170.25181591249998,-54.49108446666667,,5.65
170.25168580416667,-54.49102356111111,,4.08
221.5003404565,-25.443177628439997,"F0VSr",5.11
74.75568924878542,-16.3760360311325,,5.92
105.81290859831002,-59.178104940509996,"B9III",5.85
66.15607614245,33.95980292675,"F4IV-V+DA",5.795
96.43188593569002,-48.176899208,"B9.5V",5.87
99.30765817083334,-36.990657016666674,,5.93
205.91701823379537,-42.06752068631472,"B7V",5.97
205.43654344989002,-54.559426313050004,"B8.5Vn",5.217
195.18199084367998,56.36635401445,,5.02
102.70762907273001,-0.5408798597900001,"F3V",5.771
118.06526235821582,-34.70543991795278,"F5V",5.12
305.9715878958333,-42.422843216666664,,5.93
165.93195263333334,61.75103334166666,"G9III",1.87
76.10167558273,-35.48297537488,"K2III-IIIb",4.574
190.37930732083333,-48.95991231666667,"A1IV",2.82
123.81634445358,-62.91564108577,"A2V",5.259
26.41152938618,-25.0526146816,"F1V",5.34
346.71970605831996,-43.52035584987,,4.4
131.73341246452,12.10995280005,"A1Vp",5.885
353.65640347387,40.23643962746,"A1Va",5.563
7.889449999999998,-62.965563888888894,,4.488
238.88485442821,-60.177645689399995,"G5II/III",5.868
356.50385007871375,-18.678332992807224,"A9IV",5.616
342.84428843448,61.69674147844001,"G8III-IV",5.931
350.76903247778,12.31391010248,"K3III",5.081
275.24851205687213,-29.828102262591386,"K2.5IIIaCN0.5",2.668
63.48493935442001,9.263824264009997,"G3IIIFe-0.5",4.95
69.54510425416667,-14.303983152777779,,3.89
56.07972403666,32.2882464911,"B1III",3.91
189.8115290086,-7.995564957179998,"K2+IIICN0.5",4.643
205.76546557031543,3.537900047701111,"K2IIIb:CN0.5",5.423
221.24645736371372,27.07498558868861,"A0V",4.801
204.30166223749998,-61.69185435833333,,5.92
128.96240658713,6.6202137509300005,"F8V",5.92
61.33440851633,22.00890483322,"G5V",5.9
257.5944336,-15.7251428,"A2(V)",2.463
247.72841177213542,1.9839051346405556,"A0V",4.15
247.72859342916664,1.9842456111111113,"A4V",5.14
98.09637190888,-5.86881889105,"A8VAm:",5.598
253.24190741505004,31.70167300449,"F0V",5.333
242.01885684482002,17.04697752909,"G7III",4.994
30.91393727703,25.935473530650004,"F8IV",5.765
48.19348569878,-1.1960988358299998,"F8.5V",5.07
304.52911585572,40.73208383725,"O9IV(n)",5.958
345.6515956333334,42.75779313611111,,5.18
272.3911802333333,3.9932971944444446,,5.92
260.91965408144,37.14678471007999,"A0Vn",5.398
260.92056070212993,37.14592402665001,"B9.5III",4.51
84.14872227649998,-6.064750681978611,"B2IV",5.75
320.5216645640862,19.804510421934445,"K1III",4.09
80.44268333333333,-24.772977777777776,"G8/K0II/III",5.34
172.41091319465,-24.464021120399998,"A0V",5.813
325.3689251479717,-77.39000876162,"K1III",3.728
142.16661946871,45.60148086899,"K0III",5.393
125.6286496,-59.5095554,"B2Vp",3.85
125.6284741,-59.509480700000005,"K3:III",2.01
177.61365440724,-62.64938216025999,"A2Iab",5.702
179.8230508578,33.167002437460006,"K1II-III",5.96
188.41216454312,33.2475818244,"K0III",5.38
258.6632184269552,14.3900022327875,"G5III+F2V:",5.322
44.521755445850005,20.6687339552,"F0V(e)",5.79
83.75419588354,-6.009268531490001,"B1V",5.53
54.19704345503041,0.5877621366672222,"K2:Vnk",5.9
237.77835067765,-55.05553573777001,"B2III",5.767
276.25594695995,-30.756560207819998,"K0III",5.574
276.95618749374,-29.81686134205,"F7V",5.902
70.51450957648,-37.144330240340004,"F3IV",5.05
47.66163808722,11.87261848001,"B8V",5.97
96.00420787153,-36.70776320806,"K1II/III",5.619
130.27216610599,-48.92268114748,"B2III",5.879
234.70612708569,-52.37269703082,"A0V",5.423
82.54251353265,63.06721918864,"M1III",5.407
304.00256471758,45.57952502376,"F5V:",5.864
128.86958764213,-26.843487809360003,"A1V+G/KIII",5.944
266.89616445956506,-40.12699736232806,"F2Ia",2.992
199.30422079693,-66.7834390263,"K2Ib/II",4.846
309.26946841037,26.46194621914,"B8V",5.583
288.4395350838295,39.14596601124306,"B6",4.398
326.85539723242,60.69268873649001,"M1III",5.514
188.93971585835996,-41.02194673441999,"A7V",5.114
243.32070513081993,-53.67117432759,"M0III",5.944
28.977002926600004,37.27779045827,"M0III",5.867
167.47247505778,-32.36752912287,"A1V",5.766
275.5773891598,-38.6568961369,"K4/5III",5.073
192.74115734899996,-52.78742831654,"A5V",5.7
309.74798574986,30.33426695378,"K2III",5.673
268.32511305906,40.00796147305,"K1+IIIbCN-1",5.15
53.08389462087,84.91104574742,"G5IIFe-1CH2Ba1:",5.609
30.75078171565,64.39001801859,"B8Ib",5.614
49.78183035314001,50.09496937873,"B5V",5.032
40.74801345906,53.52610732514,"G8III",5.835
133.46085183461,-47.52069975682,"A9IV/V",5.302
259.26519105946,-32.66283909598,"F6V",5.526
93.47597480866,-3.741371081179999,"K0III",5.833
123.59947779942414,-45.834514037407494,"B2IV",5.836
226.20078152407999,-64.03135115138,"G8III",5.168
300.43629301112,24.800415967,"B4V",5.87
313.32737146596,45.181680784410005,"K0II",5.462
139.09598034433,-44.26573209877999,"K3Ib-II",5.094
196.90951930367999,-53.45976383142,"B8/9V",5.698
58.38892974667,-46.89368493962001,"K2III",5.921
291.73534582149,-29.743227144859997,"B8.5V",5.644
283.11345739596,-46.59512018187,"M0III",5.49
232.35112468784996,-46.73270517977,"K4III",5.222
225.74698540265996,-32.64329139993,"B3V",5.437
287.94170186559,31.283456596329998,"B8IIIpSiSr",5.932
73.19898892548,42.5866274901,"A3III",5.675
320.50174229597997,49.38884724921,"K0III",5.671
187.98380015136,-63.505839315310006,"A8III",5.946
289.12929760393,4.83479345671,"A1V",5.569
125.30041316642,-57.97322000661,"B2III",5.954
277.85957435405,-18.40269832713,"B9/9.5V",5.117
139.04719590063,54.021857329220005,"A6V",4.805
17.1869943146575,86.25709066820444,"K2III",4.225
345.17875151097996,3.01180413413,"K2/3III",5.848
140.52840670833334,-55.01066713416667,"B2IV",2.473
193.66326137584585,-59.146702561968894,"B3Vne",4.602
287.4902166752199,-41.89224544524,"B5V+B6V",5.855
7.110505452080001,-39.91499922176,"M0III",5.415
86.80480679833332,14.488324282222221,"A3Vn",5.721
341.40784143152,-53.50011986995,"K2IIICNIV",4.846
111.46333306125,-5.77496193264,"G3Ib",5.962
114.14460762757001,5.86217193653,"G0V",5.888
141.02289685695,-61.648904656899994,"K0III",5.988
52.41307248574,-6.804454769939999,"K0III",5.988
94.25513080441,-37.73744599479,"K2III",5.534
234.56767957323,46.79777189355999,"F2V",5.742
333.29380347792994,86.1080032346,"B9.5Vn",5.258
290.71202312891,26.262407594460004,"B7V",5.192
264.36379883289,-50.05970058237,"K0III",5.878
39.00019940457,-7.831596054859999,"M0/1III",5.535
16.94253647849,-9.78555068119,"F5V",5.705
98.82331911466001,9.98833683088,"K4III",5.887
142.99552477361,-1.1846713524799999,"A2V",4.548
42.668361603220006,-35.67584996671,"K2III",5.472
123.49296760896,-36.32227962132,"B2(V)",5.064
223.2128047804675,-37.80316170519333,"B7IIIp",5.015
58.427926484400004,-24.61222817154,"B6V",4.623
162.7725339394,-3.0926667215700006,"K4/5III",5.941
118.05429938018001,-40.57578173214,"K1/2II+A",3.696
122.3721564041,-47.345281503420004,"B2III",4.173
56.49691638472999,45.681899332540006,"B6V",5.655
297.00499024601,-56.36261100601,"A7III/IV",5.33
311.2395566340129,-66.2032115835414,"A7III",3.408
192.16436250142755,60.31973274343361,"F7V",5.831
321.20646632267994,80.52482453753,"G6III:",5.965
251.3438235074,15.745281056090002,"M3IIIab",5.619
349.74031942223,-9.61074871262,"B9V",5.003
169.16541573374084,-3.6516032084566667,"A5V",4.45
228.47213692450998,-26.193574089600002,"G8/K0II",5.857
76.37773197557,-57.47270469412,"F9VFe-0.5",4.708
312.32338788357,-25.781244328989995,"B8II",5.849
353.70566473814,-15.246002303669998,"K4III",5.944
27.726813387080004,-50.20613680654,"F0VkA2mA2_lB",5.929
86.62662439879,56.11557568333,"A4Vn",5.927
105.21452180057001,-51.40258597081001,"M1III",5.151
118.91622686366,19.88396700814,"A0Vs",5.365
89.11680845893,9.50939308706,"B9Ib",5.964
285.35992757287,46.93476318949,"A6IV",5.006
60.16940217354999,-30.49070836739,"A1V",5.919
95.90745328462,-52.18091128220001,"G8III",5.951
244.27254427823,-67.94128417289,"A3V",5.944
62.59383275646001,-6.923851932760001,"G8III",5.442
209.66627947811998,14.649273794199999,"K5III",5.999
38.025707379740005,36.14727257649001,"K5III",5.144
278.23059006471,-73.96559833518,"K0III",5.888
83.81448024945,-33.07972695239,"K2III-IIIbCN0.5",5.755
112.33517017362,28.11827629951,"A4V",5.064
17.792821415540004,37.72412445284,"B7III-IV",5.786
91.08443858364,-32.17242914544,"B2V",5.631
358.21053865506,-8.99675781592,"K1III",5.747
165.21007158385,39.21207634426,"F0Vs",5.062
105.63869703626,16.67444523645,"M2III",5.848
312.37067736336,-46.2268269802,"K5III",4.882
329.72301351675,62.69798815474,"M3III",5.979
84.95766557463,-32.62921589784,"G6/8III",5.437
142.68011270792,33.65571385253,"G8III:",5.857
70.02833871795,-24.48236824355,"G6/8III",5.563
172.94195262005,-59.44206069181,"G3_0-Ia",5.097
341.51462908375,-81.38161444027777,"A9IV/V",4.128
176.9787304835,8.245892688139998,"A1V",5.316
185.70596583079,-57.676130242970004,"B7Vn",5.366
79.75011857241,33.74839466858,"A0p",5.371
149.14789056593,-33.41849651244,"K1III",5.818
65.64559882087,25.62931599318,"B9Vnn",5.378
356.05032542615,-18.27694956298,"B9V",5.239
51.07699080221,24.72409580905,"K4III",5.503
45.47558852883999,26.46235404216999,"kA2hA6mA7",5.909
336.29418391294,-70.43162137765,"F5III",5.768
155.87206698759,-38.00984042183,"A8V",5.329
27.045515366370005,16.9555159733,"B9.5V",5.841
120.87958206382004,27.794350812640005,"K1-IIIb",4.937
93.78530313027001,13.85109980156,"B1V",5.894
2.57863002832,-5.24858804635,"K0III",5.844
133.8017911394,-18.241191394030004,"K2/3III",5.741
269.0793143800299,-15.812528179840001,"A0V",5.929
241.15339843764,-37.86294800835,"F5VFe-0.8",5.901
221.24667349661996,-35.19182869601,"A0IVnn",4.924
11.756067020519998,11.97385156767,"G8II",5.504
253.61226117115,-42.47889681781,"F3II",5.839
288.66483730618995,-45.193527490300006,"G8III",5.909
43.98717017057001,61.52113736340999,"F5V",5.584
156.85534909039,-65.70466188340001,"A2V",5.991
90.31790686717,-33.911835558810004,"K5III",5.524
80.09421107382,62.65371134854999,"K4I",5.598
53.16672926351,35.46172430421,"B1V",5.9
330.76592793995,-76.11845906368,"F3/5III",5.926
334.2770816053999,-5.38716545619,"G8/K0III",5.751
230.67028440250002,-44.68961517694444,"B3IV+B3:V",3.366
345.33077268434,-28.853961245740003,"K3III",5.542
110.32291530918,45.22817702748,"F2VkF1mF0",5.739
125.47752578054002,-17.58633710341,"K0III",5.711
135.33693796478,-41.86425953941001,"B5III",5.541
33.63310420863,-41.166762847449995,"G8III",5.907
186.62867882836,-63.12223531887,"B3/5V",4.822
5.149425121549999,8.19027170502,"K2.5III",5.37
57.5184381304,44.9678690666,"G7III+F0IV:",5.657
56.50391676446,67.20160227895,"F1IVnn",5.782
72.20980486119,75.94121988705,"A9IV",5.952
342.75899565825995,-39.15683573191,"K3III",5.4
235.67091559182498,-34.71040752037056,"B5V",4.721
123.40063698796,-46.99162834343999,"B3III",5.127
332.79122331412,50.82341510716999,"A5V",5.377
285.8734714070699,-68.75558105707,"G0IV",5.861
125.33768500219,-36.48417685848,"B2IV/V",5.176
173.69023485487747,-54.26409310423222,"B9V",4.607
316.1443817368299,5.502864354010001,"K5III",5.585
120.23280388714002,25.392837389439997,"G8III",5.853
98.16240683718,-32.03044264105001,"B2V",5.706
275.21693196647,3.37716408215,"G8III",4.856
179.41669732304,-62.44874843235999,"B4V",5.557
73.95896468239,15.040261780500003,"B9V",5.776
274.78973777785,7.25976724007,"K2III",5.412
37.007096655960005,-33.81103954073999,"A2.5V",5.123
124.63146861663003,-76.9197240614864,"F5VFe-0.8",4.047
198.57220716634998,-78.44745448784,"G2Ib",5.839
68.54904120865,-8.97025546953,"K3III",5.229
86.68957012112,15.8224951298,"B8IIIpHg(Mn)",5.994
283.50036687202,-21.35984789922,"G8/K0II",5.678
340.48939943569,14.516393987640003,"K0III",5.921
119.07770136936999,-60.52643508495999,"K3+IIIa",5.717
94.42385014785,-16.81590867584,"K1III",5.148
52.40011665907,-12.67473568715,"A9VnkA5mA5",5.576
8.147853367780002,20.294317696300002,"K0III",5.37
272.66791292819,3.3242578584099998,"K1II",5.489
245.11190678901,-78.66749603066,"K3III",5.247
240.36068716353998,29.851060946760004,"A0IIIspHgMnEu",4.971
319.71677890424,11.2033807803,"K5III",5.951
125.70806943077,-26.348222974889996,"F2Iab",5.883
38.91142118439,37.31225909135001,"K4III",5.71
111.23785470559,51.887258641479995,"K5III",5.783
267.89779865836,-60.16405677653,"K0III",5.774
262.84701505404,-56.92096344275,"B7II/III",5.984
332.64061282756,-4.26685522072,"G8/K0III",5.98
164.9974084182,-43.80711038534,"B8V",5.799
301.7225320091,23.614424775689997,"B3V",5.056
236.01466070576328,77.79449312481054,"A3Vn",4.274
319.84241313694,38.23746356268,"F1II+B7.0V",5.882
68.54845190421,-8.231351553679998,"M0/1III",5.188
106.01163603516667,-42.337286690574174,"A3mA3-F0",5.19
254.1198713722,-52.28374681644,"B9V",5.933
356.05019307209994,-64.40445209814,"K2II/III",5.711
342.59505792069,-80.12384495678,"B6V",5.311
265.35363634760085,-12.875305267979446,"A2Va",4.228
135.68673582804,7.29826767327,"K3III:",5.831
289.91664315827995,-35.42145929856999,"B6IIIe",5.579
331.15319311153996,-26.822359844670004,"B4IVe",5.953
52.49538752376,-78.35185094086,"G8III",5.668
144.26075652981,16.43795181621,"K1III",5.732
221.7712365139,-38.29063666793,"K3III",5.898
65.3626576181,-0.09817370965,"K3III",5.854
44.90076104798,-25.274133379170003,"F4V",5.686
7.921488320489998,52.83952809853,"K2III",5.596
114.19597942002,55.75506254973,"K2III",5.931
108.2799756921,-11.251342213190002,"K4III",5.752
142.80549230320247,-57.03437645056388,"K5III",3.139
174.31517497162878,-75.89653328693056,"A9IV",5.637
256.10299914468993,-57.71216234007001,"B4IV",5.727
38.225591263640005,15.03453557633,"F8V",5.988
229.73489439628,-40.78822126349,"B7V",5.604
197.84673283869,-43.36855502363,"K1/2III",5.231
185.53057938607998,-67.52210359001,"A5V",5.146
5.189653794600001,32.91118677914,"K5III",5.794
347.50608759852,9.822082455499999,"B9III",5.386
142.47710356199,-26.58961539459,"K2IIICNII",5.479
299.96398768585,-34.69779949144,"A4/5IV",5.299
138.82349520448,-58.388377755689994,"B6III",5.993
122.28960261192002,-48.68441047562,"B8III",5.654
185.93644786009997,-38.91137823622001,"B8/9V",5.782
165.90246615186,-8.306925399999999E-4,"K2III",5.927
56.61428481973001,-29.33815783598,"A2V",5.904
170.78388104413,-56.77935452756,"A3/5pec",5.807
137.99473238281,-19.74763029531,"G8III",5.717
12.68165727142,64.2475693184,"G5III+A0V",5.362
152.803240702,37.40189951575,"K3III",5.842
67.70874890824,-44.95374990107,"B2IV/V",5.059
157.75858549275,-73.22149261562,"K4/5III",4.92
282.74380188529,-9.77409656825,"F2II-III",5.836
17.922510062640004,65.01885383057,"B9IV",5.564
279.15560097178,33.46903832675,"B8IIpHgMn",5.41
130.00613100331,-12.47537472912,"K3III",4.969
105.96499465978,12.59424253825,"K5",5.985
259.59695058384,38.81140127746,"G7III:",5.962
271.95141783488,-17.15415837835,"K1III",5.508
349.1657956203,-44.48916359414,"K1III",5.918
326.93395804458333,-30.8983062925,"A1V",5.017
81.25726601185,-10.328885837160001,"K4III",5.586
259.65412594865995,10.864475344959999,"K4II-III",5.02
117.42079624550001,-66.19597347063,"B9V",5.762
109.06063606855001,-15.585690599549995,"A1V",5.447
127.89887483424998,18.09441817296,"K5III",5.337
25.53595557236,-32.32698754613,"K1II/III",5.256
59.21698795828001,22.477973574820005,"F2IVs",5.617
279.16281112739,6.67180517003,"F3V",5.425
247.63978533201998,20.47918736431,"G8.5IIICN-2CH-1Fe-1",5.243
78.62019075153,-35.97699733729,"G8III",5.731
92.64450111061,-27.15434267476,"K1III",5.698
64.17954879257,53.61180021655,"A2Vn",5.187
230.79376489032998,-60.65717003988001,"F5V",5.651
209.56777573906837,-42.10075691842361,"B2IV",3.802
61.09464841345999,-12.79229680049,"K1III",5.611
132.50929849994,-29.462999240670005,"G8III",5.867
271.82649749233,8.73386723942,"G8III",4.64
221.8439820532,-25.62426656293,"B9IV/V",5.609
91.88180343427,-37.2529192305,"B7III",4.994
283.69636233061,48.85940358056,"F3III",5.836
255.46934123872,-32.14352237361,"B8V",5.01
225.04709086757,-77.1605517643,"G8II",5.92
254.57475103386997,-50.64118556457,"B9V",5.534
163.39355032727,54.58512739798001,"K3III",5.111
79.79675039508,2.59579997242,"F5III-IV",5.325
130.43056736143,-15.943385354709998,"K0IIIb",4.866
115.75173258573335,58.71035918406,"A3IVn",4.947
227.57763059002,-26.33262549515,"K0III",5.756
223.93628510436997,-33.85578252318,"A0V",5.312
164.87886301583,-16.35370432373,"M1III",5.879
2.93342115391,-35.13311470919,"F5V",5.239
116.66699218034003,65.45567405649,"K2III:",5.925
85.2733159801,0.33775440645,"F0V",5.912
267.8855487463699,-40.77246470055,"M2III",5.958
260.77967347679,-56.52554901195,"G8/K0III",5.763
69.83212767285,-14.359189473379999,"K0.5IVa",5.463
107.84839940537,-0.30192920468000006,"F2IV",5.428
126.4649825987,-64.60061947088,"G8/K0III",5.94
209.08240128332,-46.59294916516,"K1III",5.815
350.31457898901,-26.98676818337,"G5IV",5.656
211.51153348661126,-41.17963290966722,"B2V",4.343
323.82341871769,-3.983304736420001,"K1/2III",5.778
11.84847401936,6.740971526079999,"G8III",5.961
104.25217429503002,33.68103977018001,"G5III",5.927
51.88925497043001,-35.68132576691,"K2III",5.702
69.306981981275,0.9983278096394442,"B8IV",5.315
265.34082223372,51.81814789285,"K0III:",5.994
268.96171006285994,22.464220575909998,"K3III",5.619
332.65617743047704,-11.564938650259169,"B5III",5.422
185.89758135210997,-35.41267666635,"B8/9V",5.311
285.98982938274,-51.01860319145,"K0/1III",5.928
185.55012052837998,-68.30733591001,"K0III",5.723
345.02412186586,-25.164179953619993,"K0IICNIII",5.656
16.009960517909995,52.50216184451,"K2",5.977
305.08919471255,17.792926166720004,"K5III",5.808
142.90112962462,-73.08091307776,"K4III",5.454
35.5207607107,-17.662170866099995,"K2III",5.868
218.15439609514667,-50.45714824086861,"B1/B2V",4.423
80.875650188,-13.92735291934,"B2IV",5.229
288.47964511884993,57.705079558810006,"K2III",5.003
141.57482165774,-53.37890825035,"B6V",5.089
306.4119043651986,-56.73508972631689,"B2IV",1.918
126.39806880520001,2.10221804871,"K4III",5.708
205.59659761227996,82.75241952911,"G9III",5.913
165.5823986007167,20.179840051333336,"kA1VmA3V",4.398
218.13559227970998,22.26005659522,"F2IV",5.897
20.28072090463,28.73820719713,"K5III",5.223
4.65940870081,31.51722830894,"A0IV",5.875
314.85576957329,59.43860015204999,"K4III",5.526
138.80771713763,14.941508884169998,"K1III",5.348
68.5344480087,5.568620995839999,"A2IV",5.678
96.83521067155002,2.9082878554300002,"G8III",5.543
165.81199699584,-11.303468993140001,"G7-IIIb",5.511
50.35002012817,-23.635156762090002,"G7IIbCN-1Hdel-1",5.496
206.8651567645,-50.24928736212,"A3mA5-F0",5.91
225.77522738317,35.20579424462001,"G8III:",5.513
331.46256670958996,-59.636072140980005,"K4III",5.607
216.73013379233663,-83.6678847301364,"K2III",4.304
41.38597654264,-67.61661676408,"A2IV/V",4.82
223.65797575556,-33.30057029698,"K2III",5.834
324.4392923822,19.31860917015,"F1IV",5.448
34.53137754778,19.901157608979997,"A1Vn",5.572
104.60453697492,-34.11169011774,"B4IV/V",5.068
343.76103043556,37.076828355409994,"F4V",5.901
334.110632308,-41.62718170181,"G8III",5.117
262.86444440762,-80.85913223801,"M3III",5.856
281.20668484537,-25.01090932561,"B8III",5.811
252.44648454732084,-59.041379347122216,"K5III",3.744
24.920076443389995,16.40585513614,"K2III",5.979
249.50186858509,56.01556260205,"K1III",5.28
301.0346453325,7.277964387570001,"K0III",5.508
149.30671517662,57.41820502832001,"G6III:Fe-0.5",5.959
274.7944976737,24.44605639788,"K3III:Ba0.5",5.279
245.10521462499997,-55.13970658708,"K0III",5.744
152.5314164699679,-8.408169947809725,"A0V",5.901
56.31615058881,-47.359475299459994,"K1III",5.708
244.18661290038,29.150260622580003,"A3V",5.779
106.77949071273,-40.89326950924999,"B3V",5.783
38.968641873225,5.593240000491665,"G8III",4.871
153.37763462048,-66.37281118159,"A4mA6-F0",5.141
237.73977226340247,-33.627146762641395,"B9III",3.946
157.58386570032584,-71.99279386325306,"A1V",4.71
168.50764057671,8.06069497881,"K3III",5.793
28.217136855389995,-16.92925063044,"F0V",5.782
117.59926190651001,-50.50946704302,"K2III",5.907
118.54587424681,-35.87728563565,"B2V",5.463
160.75784337988,26.32556351982,"A4Vn",5.506
91.64623967527,38.48264679237,"kA7IVmF2/5IIISr",5.345
55.562093916799995,-31.938362275279996,"B5III",4.973
326.518181362,22.94887909822,"K0IbHdel0.5",5.266
272.7731783987,-41.35911505139,"F2V",5.845
285.82373411126,-38.25314818335,"F2III/IV",5.716
52.65440965782083,-5.075147980387778,"B9III",4.725
135.68444879922,24.452886728499998,"A0III",5.447
342.13874192297,-51.31686481202,"A2IVn",3.466
232.66833885525,-16.60946242113,"K0III",5.806
133.04177070681,42.00273295185,,5.984
10.17654837346,-4.3518402831600005,"K0III",5.885
119.21475968534753,-22.880111626630278,"F7II",4.184
251.69982477288997,-39.37696418782999,"K0III",5.481
295.02985332221,-23.429084309399997,"K0III",5.957
288.30694972254,-25.906786900029996,"K2III",5.765
330.97073768443,63.11992084872999,"M5III",5.3
45.18392093234,10.87039176483,"K6",5.931
160.67993483606,-32.71567028471999,"A0V",5.624
251.32442288184,56.78189999046,"F2V",4.837
158.50368565802,-23.74516916879,"K5III",5.06
251.49268168439,82.03725828429,"G5III",4.212
103.82777649493,25.37569543139,"G0V",5.748
350.2219317179,38.18232418822,"F5V",5.765
168.43980459464,-0.06950222502,"A0V",5.404
91.24242883306,5.41996696273,"G7III:",5.658
114.63693298529002,35.0485498459,"G8III",5.572
183.35808024760996,10.26233970406,"kA3hF2mF2",5.829
139.23781750648,-39.40153801375,"K2III",5.304
42.61858164667,-75.06694825974,"K3III",4.742
236.82213749518996,14.115414660819999,"A3V",5.709
350.2064933003,30.41492462957,"M0III",5.557
100.01204531223001,-80.81359402307,"A3/5III",5.606
284.77391158415,13.622242871540001,"F8V",5.258
61.51326190082,68.67997194344,"K2III",5.864
59.71830797884,-5.4699475414,"K0/1III",5.833
224.90394612577998,39.26533240018,"F1III-IV",5.634
52.60195333272333,11.336439403954722,"A0Vn",5.124
239.87611090589496,-41.74443835432055,"K0II/III",4.984
240.52318999083997,52.91593806581,"K5III",5.902
154.61768412181,-41.66848934892,"B9V",5.957
140.45850964969,-55.51468858752,"A3IV(s)",5.608
135.19059035494,-60.96382859401,"G8II",5.78
293.671922606,42.41251454751,"A2V",5.336
102.99994238463,23.60172198957,"K5III",5.671
80.06114341606,41.08623772094,"A3V",5.456
253.85287007589,-63.26966047167,"A0III",5.996
142.59761067036,-58.36183580002001,"M2III",5.888
0.6237587268108333,8.485463713631107,"F1V",5.69
321.3042624136999,-9.74855717873,"A8V",5.713
242.82376729251,-41.11980208693999,"F2III(+A)",5.857
107.18694039829,-70.4989304021,"K0III",3.746
342.04597877672995,37.41669003978,"G8III:",5.809
128.4311592793,4.756999657149999,"G5III",5.867
221.96546289704744,-79.04475355458166,"K3IIICN0.5",3.798
245.45296160906003,69.10939293335,"K2III",5.264
303.3494419308303,56.567723135216944,"A3IV-Vn",4.271
117.30391810369001,-60.28371359558,"F4V",5.771
144.25086381026,-25.296759722990004,"K0III",5.68
20.919234508920002,37.71494426926,"A2Vm",5.587
213.85035912729165,-18.200690647766663,"A0V",5.532
168.31118851527,-44.3722183453,"K5/M0III",5.761
346.2175839207,-68.82022570079,"F3III",5.514
320.2701082390199,7.354504324109999,"M2III",5.798
346.16511529571994,-53.96490214556,"K5III",5.363
298.5620063246,8.461454288359999,"G9.5IIIb",4.707
216.53426845332456,-45.221423300891665,"B2IV",4.553
135.02254062248747,-41.25360734067554,"G8/K1III+A",4.446
81.91201591993,34.47587970624,"K3IIIFe1",5.059
93.93702618726,-13.71841406783,"B9V",5.001
85.32382364958335,16.534145916388887,"B3IV",4.836
92.88460631478,24.42025308679,"K0III",5.825
321.32065698507,-3.55674633482,"K4III",5.469
71.0332562273,-18.66658548177,"A1V",5.522
11.4128190385,74.98807060352,"A2IV",5.652
239.31071182316,14.414481366719999,"K2III+",5.53
349.8504439594,-18.07537382725,"K2/3III",5.94
89.70656134676,0.5529823367400001,"A0V",5.2
259.70219373611,28.822966664280003,"K0III",5.68
193.26735269681998,-54.95247381949,"K2III",5.908
138.73821305719,-37.60242936175,"K0/1III+A3/7",5.85
97.15591494115,-17.4660104829,"K0III",5.761
260.7300891722638,-58.010327480303616,"G8Ib/II",5.87
172.14616154096,-42.67420555983999,"B9V",5.136
149.90089315765,29.64523146952,"G9III:",5.744
197.43867172166,-10.32933967666,"K4III",5.943
157.3695953551504,-2.7390757814033333,"B9V",5.18
193.83096582955,-42.91573320982,"M0III",5.445
58.99239099168,47.87142305973,"B6V",5.379
14.458967387010002,28.992213990840007,"G6III",5.438
333.41124388964994,28.608016475099998,"K2III",5.867
121.66808058894001,-45.26601491028,"K3III",5.021
296.86574945386,38.40761464618,"B8Vn",5.824
19.151199772369996,-2.50036906236,"G6III:eFe-2",5.428
246.79600671349993,-47.5547936494661,"B2V",4.521
11.321556884579998,55.22139749947,"A2Vs",5.41
302.94989153336996,26.808991088130004,"K2IIIaCa0.5",5.487
79.81919240385,22.096505949550007,"G8III",4.948
165.18667509734,6.1014452203,"A5III",4.977
32.84260903217,-10.05216090971,"F3V",5.999
253.3231252854,47.41671211435,"K2III",5.987
276.41166282634,8.03200715099,"G9II+B9V",5.665
291.57982176027997,-21.776692428280004,"K1/2III",5.569
2.5091791733599993,11.14581580835,"B9Vn",5.53
236.68423929296,-34.68245278071,"B8V",5.6
340.16395106838996,-27.04361529214,"B7III",4.177
125.51854812585998,-73.39997939312,"A0/1IV/V",5.279
5.369884336520001,-77.42688172278,"K3III",5.959
93.91890303441,59.99896468737,"K3III",5.351
171.15246338381,-10.85932652882,"K4III",4.802
120.19711479666998,17.308700552619996,"K3III",5.588
312.87521241774,-51.60817857592,"K1II/III",5.044
260.43903483067,53.42043009771,"K4III",5.677
88.73619536235,19.749617915369996,"B2V",5.894
221.93669341313,-26.08750053445,"G8/K0III",5.229
138.96907909216,72.94632447542,"F0III",5.93
111.13938800771001,27.637855974489998,"F0:III:",5.759
291.95048914358,-54.32527182815001,"K4III",5.688
333.0083984651,60.75909785734001,"K1III",5.359
118.72215555926,-57.30280784864999,"K3/4III",5.613
359.66821392912914,-3.5559698068669445,"G8III",4.886
355.61592693594,-15.448028948530002,"K3III",5.257
203.53043914812997,55.3484346165,"A0V",5.588
293.3400932812,-45.27177626688,"ApCrEuSr",5.583
17.85654612597,64.20267787515,"B9.5V",5.548
182.22745537674996,-41.23160328090001,"B3IVe",5.498
107.91386052498,39.32055033848,"K4III",4.886
129.5924384625,53.40154048430999,"G9III",5.645
198.68027907009997,-48.95703044610999,"K1III",5.831
242.70635183191996,75.87756181464,"B8V",5.473
40.39214425405,-14.54930697388,"F5V",5.974
112.62882771742001,-54.39936488093,"M1III",5.941
287.47028379224,-68.42444946059,"K0IV",5.305
126.43414610922872,-66.13688790317111,"K2III",3.759
25.413486081069998,30.047120076369996,"K0IIICN+2",5.961
68.91360921293,10.160753234720001,"kA4hA6mA7",4.25
134.24340492379,-59.229337619,"B2V",4.895
137.00020890672,29.6542321328,"G8III",5.42
24.36681871976,-84.76961693462,"G8III",5.667
244.88640949987,-30.90671130918,"F5IV",5.502
333.03372377862996,24.950642559879995,"K0",5.923
240.83068494580996,36.63178764916,"G6IIIa+A2.5IV",5.804
19.449818563950828,3.6144690926950007,"A1V",5.137
93.93735211446,12.55107027374,"B9II-III",5.467
351.21180213700995,32.38488065768,"B9III",5.548
23.99570722325,-15.40018227955,"K1.5III",5.402
21.577859553799996,43.457741648799995,"F7V",5.978
124.95401786562998,-71.51490870496,"B9III/IV",5.318
102.71813176625,-34.3673183535,"K2/3III",4.989
325.76684702459,72.32008553587,"K0-IIICN1",5.173
309.39713532375794,-61.529921140199725,"Fm_dD",4.849
304.23035707824,40.365075903450006,"K3IIIaFe-1",5.236
191.89309745841996,66.79030426272,"K5III",5.423
168.18836249815,-64.16976976726,"B8V",5.219
116.50912712133004,-6.772514220339999,"K5III",5.496
91.36263399382,-10.242595194479998,"F3V",5.874
53.412749991039995,54.974860286079995,"A3V",5.969
224.72325567942,-11.14401733162,"K3-IIICN2",5.857
183.78538306174997,70.20000850484,"K2III",5.719
88.03220444442,-9.041901359319999,"A0V",5.96
356.81629970004,-11.91112812661,"K0III",5.731
69.72312562348,-12.123074479879998,"A0V",5.002
187.43016689006,20.89610812258,"A3V",5.679
226.35764371997996,48.15097021154,"A0Vs",5.577
235.65965209149994,-37.42493921246001,"G8/K0III",5.24
112.48315488244,49.67245940035,"F6V",5.357
267.10319947568,20.56543970019,"G5IV",5.687
46.63955997772,-6.088549758010001,"M2/3II",5.256
123.45910540972,56.45225111379,"G9III",5.85
327.89270257332,19.826681985110003,"B8III",5.768
254.89603381878212,-53.16043786885306,"K3III",4.05
146.62654351376,-44.75505997588999,"B2V",5.55
52.71544952956,-66.48971184276,"B8IV",5.8
89.76797220262,-9.55825277904,"A3III",5.029
325.54213555265,1.28525415301,"K2(III)",5.641
159.64561530687,-16.87656518643,"G8IIIb",4.903
80.70964259549,41.029259679309995,"A3V",5.542
284.1071597504899,65.25808452928,"G8III",5.621
87.4729342744,-22.971881250060004,"A1V",5.861
59.119549130962085,35.08089317928111,"B1.5V",5.488
114.47436990781,48.77384326465,"A5m",5.906
91.97024800641,-42.15404119078,"A0V",5.492
294.39338985811,-14.30179948568,"F7V",5.451
29.482153088393332,23.596062782928055,"F0V",4.766
112.44908972974333,12.006563320020556,"K1III",4.531
278.0888794852267,-39.70400076634167,"A3V",5.155
33.56058677437,-67.84144017049,"M1-III",5.559
143.63603167411,-5.91495011854,"K1II/III",5.548
206.74906147708,38.5426958834,"K0III",5.501
148.71346133017,-50.24396025634,"A0V",5.705
171.38790661214,-37.74757464996,"M3III",5.918
190.90853976681998,-1.5769957397900003,"G8III",5.918
94.99831543806751,-2.944493558354723,"K5III",4.899
241.58198655411996,67.81013521233,"A0Vn",5.441
354.83807236799,74.00267755738,"G8III",5.973
258.32449167556996,-67.19659002367,"K0/1III",5.873
34.819987198198,47.3799758983489,"A0V",5.31
32.80022860206001,25.936942264989998,"K4III",5.999
131.67425181855,28.759893136039995,"G8IIIaBa0.2",4.018
72.86756850958334,-34.90628724166667,"A2/3V",5.833
134.39666532058,15.581284925840002,"F0IV",5.677
142.19627238442,-62.27313532456001,"K1III",5.904
253.0839388325,-38.017534955277775,"B2IV",3.542
34.49953011256001,57.89982132122001,"K3III",5.748
275.91491107595,-8.93448656463,"G9-IIIbFe-0.5",4.664
237.23665398594,-3.8185105382800004,"A5IV-V",5.524
45.73276349637,-46.97502739329,"K2/3III",5.799
40.05175421028,-9.45287092506,"F8VFe-0.4",5.79
70.83997717976,49.973787899639994,"B9III",5.856
128.41012936963,-38.84881275644,"B5III",5.908
228.79732046437,4.93935543123,"K0III",5.337
231.88782736378994,-64.5314998497,"K5/M0III",5.706
103.32838410204,-19.032694223680004,"A9/F0III",5.648
67.13383772729,1.38082529384,"B5III/IV",5.532
310.34857359461,-31.598287066119997,"M1III",5.74
343.52909491785994,40.37687034487001,"K0III",5.805
158.70005634063,6.95375027836,"G8.5IIIFe-1",5.07
144.59073494214,40.23979332701,"F0V",5.276
278.49069295918,-33.01656026902,"B2III/IV",5.276
91.53909069845,-66.03962089776,"A0V",5.69
35.70959758296,41.396293755959995,"F0III-IV",5.795
91.36324410849,-35.51364695243,"A0V",5.795
47.92780866436999,81.47071101275,"A7III-IV",5.907
284.61570356773376,-52.938627497580555,"B9.5IV/V",4.838
117.39750645649998,-33.28895038408,"M0III",5.585
38.94508859319,34.68754991619,"M3III",5.374
330.27089693754,0.6047180014000001,"K2III",5.597
303.8490362817,33.729085884199996,"G8III",5.698
118.16102873591504,-38.86281460759139,"B2V",4.474
315.74147079938,-38.63144437321,"F5V",5.305
311.88939553005,80.55225996903,"K1III",5.371
303.81623356562915,25.591961911578053,"B3V",4.75
277.39879287559995,23.86619842199,"B6IV",5.863
298.02985934874,47.9317949462,"B2III",5.897
24.62882459768,73.04003821568,"G7III-IIIb",5.281
161.02875518967625,-63.96107482499694,"B3/5Vn",4.789
304.50582044451,-21.809958375770005,"G8III",5.851
56.53901528899,6.803524664910001,"G9III",5.922
150.70395671117,21.94925727461,"B2V",5.663
110.51090668198,36.76058360245,"G8III",5.12
326.25106113622,-9.08242767233,"G7.5II-IIICN0.5",5.079
88.11016073755,1.85513786428,"K2-IIb",4.75
331.25207849002993,62.78567119751,"K4III",5.265
335.87853696135,-24.762662823979998,"K0IIICNII",5.527
73.82774096646,-16.417770659690003,"G6/8III",5.715
73.13317666869,14.25064208505,"M3SIII",4.721
60.78907977626709,5.989300702002499,"A0.5Va",3.883
320.99510966224,24.2741362306,"F1IV",5.688
150.50040061418,-60.42089089601,"F0II",5.928
272.80733845863,-45.95441177376,"K0III",4.508
327.5360703782029,17.28569480478722,"F2III-IV",5.336
94.90571929954999,59.010981002848894,"A2Vs",4.434
178.91721192764,-28.47710390757,"K4III",5.893
337.15696013784,-67.48906095123,"A3/5V",5.564
32.89931236669,-1.8254269234000002,"K0III",5.933
261.80192088403,-50.63037272641,"B9II",5.898
52.65397501117,-47.37512476434,"A1V",5.968
88.09288097237,14.17178566294,"A0VpSiSrCr",5.586
280.9455916034,-38.32344189614,"A0/1V",5.111
230.65523246177,62.0470638648,"A0p(SiHg)",5.986
357.99099528799997,2.9303864325699998,"K4IIIBa1",5.554
112.49884418116,-52.65115681852,"K0III",5.863
122.36889507583,-16.24891827288,"B3/5V",5.65
76.31748142113,-26.15239035298,"K2III",5.695
116.02881237863998,25.784160123099998,"K4.5III",5.289
39.400287798419996,65.74533597132,"K5III",5.781
15.726061275980001,41.34521355015,"kA3hA7VmA9",5.932
71.57011225648,18.73469213442,"K4III",5.981
92.44981217661,-22.77433980451,"F5V",5.717
184.70827162004997,75.16056071392,"A1V",5.46
90.20487471934,-51.21632068143,"A1mA3-A7",5.647
85.61020222306,65.69764926891,"K5III",5.609
131.51031597383,-2.0486558042100005,"K1III",5.685
4.287683471379999,47.94740610185,"B7III",5.852
315.29553227228,46.15577644186,"B1Ve",5.432
118.37420066092001,26.765781406390005,"A5IV",4.963
120.68659685265001,-41.30982528576,"B9pSi",5.497
35.48594849934,0.39567238831,"M1/2III",5.287
262.69828949282,86.96804756796,"kA2hA9mF0",5.756
218.66041571311,36.62606349971,"K5III",5.999
38.27927460235,-34.64996722078,"K0/1III",5.889
242.24533046744995,3.45447469234,"K4III",5.909
37.2020603568155,29.9317579328378,"G0V",5.901
222.90959537708335,-43.575360151666665,"B5IV",4.313
82.53949562347,-47.07765448522999,"F8/G2",5.453
67.05528185229,83.80778722592,"B5V",5.507
273.91922735282,-63.05536391428,"K0III/IV",5.582
337.28326098312,9.12903504478,"K5III",5.574
333.19926787101,34.60459099330001,"K2-IIIb",5.343
64.33009093225,-6.472173861280001,"K0II",5.932
281.2080769282875,2.0600390126902774,"B9IIIe",5.005
33.15641592691,24.16778082147,"K0",5.95
269.17433319036,-28.065394776129995,"A7III/IV",5.763
86.85914823325,17.72914224062,"F0III",5.455
142.98642072335,11.299821799159998,"G9.5III",4.963
272.1895496947258,20.81455682891472,"B2IV",4.347
201.86318348636,-15.97357933994,"K0III-IIIbCN1.5CH0.5",4.75
210.59492554608997,-27.429775764160002,"K2/3III",5.469
256.34454343007,12.740826493930001,"A3V",4.871
343.60404479825996,84.34617533776,"K4III",4.684
299.30778169039,40.36782588208,"B5V",5.455
73.79667525834,-74.93685317136,"K4III",5.449
233.65549239999,-28.047020260619995,"K2/3III",5.138
130.48712388091,-45.41071177768001,"B6Iab/b",5.227
157.96406415373,32.37955702123,"A0Va-",5.905
345.88701037189,67.20921066429,"K3III",5.23
264.13689643142993,-38.63524773571,"G8/K0III/IV",4.267
66.86987282863,11.21228039139,"B8IV",5.87
91.53884947064,-14.93525538716,"A0V",4.663
286.58315061308,-52.34091134968,"F6V",5.174
246.10557681988996,55.20509631741,"A2pSi",5.734
251.16559671953001,-53.152316179079996,"G8III",5.967
319.48869364446,-17.9851386273,"B5II/III",5.383
128.50672575998,-2.15155556468,"A0V",5.792
230.02146378191998,51.95851514652,"A2.5IVp",5.64
110.5144945299,0.17712166635999999,"B9II-III",5.971
119.19466705582,-52.98234546298,"B3IV",3.431
338.90156570726,-23.991094127990003,"K1III",5.964
250.34628230335,-68.29612193362,"B7V",5.884
148.92917414907,49.81984301326,"A3III",5.269
2.07305179489,-8.824111623329998,"K1II",5.98
112.95168546233002,17.08604575659,"K2III",5.442
74.45269019554,23.94856851931,"K0III",5.806
312.4073637672199,12.545127466049998,"F5V",5.991
293.78024105841,-10.560442666599998,"G8.5IIIa",5.12
105.90863284214,10.95181764838,"K3III",5.117
201.45958819875997,-70.62725255886,"ApHg(Mn)",5.651
108.73813791076,-41.42639477364,"B8pSi",5.942
11.109131464189998,47.86398413428,"B5V",5.648
282.3958186932,-43.4340978241,"B9IV",5.587
249.09363126313713,-35.25533141158,"K5III",4.156
35.7278127758,-51.09212771103999,"A5V",5.898
17.915071527890007,30.089637934720002,"K0.5IIIb",4.511
129.92697514366,-29.561084594019995,"G6IIIbCN-0.5",4.872
89.20604058123,11.521058906840002,"K2III",5.884
234.1800951798441,-66.31703762546667,"K1/2III",4.104
24.27469243933,12.141782949709999,"F0V",5.535
126.81981469561,-70.09348349435,"A0V",5.507
351.9182764449,25.16727929745,"A0IIIpHg",5.979
82.00670855092,17.23912988068,"M1III",5.758
331.50813620808,45.01434730194,"K5III",5.07
112.4531745852,27.916120362050002,"G9IIIb",5.01
116.88127311314999,-46.60848992387,"B2III",5.208
45.564370170770005,-71.90245529105,"B8III/IV",5.499
6.35086817996,1.9396924805599995,"G8III",5.77
83.56988934151,3.76690626705,"A1V",5.326
102.59070168661,-17.08455232328,"K3III",5.771
272.1450665774567,-63.668561979886384,"kA4hF0mF2III",4.328
281.59267448612,75.43395556218,"A1Vn",5.358
187.48884300663,58.40574113977001,"A8V",5.347
91.24316213578,4.1586624615400005,"G6II",5.621
93.0838544895,32.6933815585,"M1III",5.769
230.65571287299,39.581461626899994,"K4III",5.532
286.82555136207,36.100159017909995,"B6IV",5.253
241.64809992840003,-36.80227052962,"B2.5Vn",4.201
253.64872525859997,-6.15398095653,"K1IICNIII",5.23
232.85380670972,77.34935996109,"K5-IIICN0.5",4.982
234.72732241396,-19.30189099624,"G8III/IV",5.359
96.04299754583002,-11.53008762987,"K2III",5.207
275.70433189579,17.8266165815,"K3III",5.249
257.19808091933,-30.403717306220003,"Fm_dD",5.911
45.21754594346,52.35173558953,"B7V",5.219
135.49161403096,-0.48267433147999994,"K0III",5.627
210.86044305239,-56.21343442645,"K2III",5.923
217.58726229459,-49.5190370956,"A2Vs+A2Vs",5.376
269.73203144506,-36.85837457678,"G8III",5.737
112.27372998042001,-38.81206732199,"B3V",5.395
81.70928884671,3.0956728206000004,"B2IV",4.611
129.84935209746,-53.43976877563,"B5V",5.439
132.41316210862,-40.32015776536,"A2/3IV",5.465
235.47798575595,18.464036501860004,"A8Vam",5.792
343.00847439764,43.31241718256,"M1III",4.938
97.69285296765,-27.76957996983,"B3IV/V",5.903
292.34934788056,-43.44519514898,"A7VkA2mA5",5.701
95.73262591707,-56.36996684245,"A1mA3-A9",5.598
17.58104230056,25.457762158380003,"K5III-IIIb",5.797
233.81749413739,53.92214149778,"K4III:",5.964
51.59385361266,-27.317479777350005,"K0III",5.933
15.76057062535,-4.836599219039999,"K0/1III",5.408
357.63868660385,-14.401496980459996,"K4.5IIIb",5.691
151.0872558124,-24.28554030968,"F0V",5.701
62.70775351963,26.48095457622,"F2IV-V",5.387
245.52426610955,30.8919959578,"G9IIIFe-0.5",4.849
266.43328165493534,-64.72387146468638,"K2II",3.581
282.15793684554,-65.07768004034,"A8V",5.701
3.04160235158,-17.938250812530004,"K4III",5.265
286.74417872208335,11.071227038333333,"B8III",5.086
61.09028579395001,24.10601795991,"K1II+B7.5IV:",5.512
340.87490106366994,-41.41434552536389,"K0III",4.835
16.988183246159995,20.739069550719996,"A3V",5.563
151.7895807253,-17.14173273348,"K5III-IIIb",5.582
72.32950039785,32.588192213700005,"A8m",5.824
349.96843909617,42.07806989614,"M0III",5.789
229.37853938357503,-58.80120701859055,"A3Va",4.057
330.5190526126099,58.000363821810005,"O9IV(n)var+B1:V:",5.542
113.91550959642001,-52.53383586569,"K3III",4.92
53.39597548492,39.89947684169999,"A3V",5.776
113.64497812369001,-27.01227516776,"K1III",5.77
273.97271712143,-44.20645337761,"G8/K0III",5.451
162.84883931901,59.32011985082001,"K2III",5.562
306.36178107509,-28.663263825499993,"G8II/III",5.858
110.22881407092,-26.963836802879992,"B3V",5.986
19.86664022127417,27.264058655233615,"A3V",4.748
130.33130244081,-78.96336274946,"B8V",5.453
198.88312406305997,40.85520268998,"A7V",5.777
240.8037395438433,-49.22969591545055,"G8III",4.643
342.83724361593994,-29.53630657697,"G8/K0III",5.987
40.166811874223335,-39.855376525024454,"K0IIIb",4.116
260.43171081135,39.97466819411999,"F7V",5.561
241.62271525201,-45.17328002381,"kA3hA7mF0III:",4.713
289.45416325481,11.59542442118,"F0IV",5.283
158.77287640462,75.71290185511,"G8III-IIIb",4.853
36.20440681295,10.61055865008,"B7IV",5.478
315.30360318112,36.02601182737,"G5III",5.997
97.82637888349,-51.82596004833,"F8VFe-0.4",5.573
204.34781701879,-46.427897854899996,"B8V",5.889
285.05699079696,50.533466286250004,"B2.5IV",5.377
163.93493451649,33.5069289575,"K1III",5.034
30.858785166533742,72.42129411554222,"A2V",3.938
93.212760612,65.71842110257,"K1III-IIIbCH-0.5",5.344
319.484525485715,-32.17254768084916,"A0V",4.708
222.32779307616997,46.11620400292,"F6IVs",5.757
316.59709137632,71.43179780458,"F3IV",5.877
125.72982578277998,-52.12372894634,"A0V",5.887
81.11869583303,-16.975776559,"A0V",5.636
215.13930164992001,-37.88529206459917,"A0IV",4.034
233.23008856487002,-16.85284478365,"B3V",5.499
138.45088824213,43.21783165359,"B9IVpHgMn",5.282
134.31229037794,15.322766600059998,"A5III",5.22
316.37194043602994,78.12639143576,"B8Vn",5.907
259.1321407950699,1.2105551531399998,"B3V",5.921
55.59435804525584,33.965026028095004,"B0.5V",4.972
300.88944426035,-37.94068496055001,"K4III",4.764
127.44014480686,-46.33169873658,"B5III",5.969
2.8934196613399994,-27.79971967199,"K2III",5.404
271.56332127397,-4.75125243749,"K1IV",5.741
153.44134480788,-40.34602768118,"K1III",5.893
21.4051643485,-14.598785158179998,"K2+III-IIIbCN0.5",4.907
16.82776800901,-61.775288419679995,"G5III",5.342
54.96300806981,3.05686614906,"K0III",5.555
314.56812767592,22.32590734537,"K3.5III",5.288
193.57774734295,-11.64856981379,"A1V",5.975
149.55573074685,12.444805729768333,"B6IV",5.26
173.7703509722,54.78539853085,"K0III",5.628
228.95448998707997,0.37213761778000004,"A5V",5.623
108.35010427762,-22.67424163176999,"K4III",5.96
292.34230847622,14.596019196950001,"K0III",5.564
23.23351865657,-36.86523481285,"K1/2III",5.493
240.57371451623,22.80445253994,"A3V",4.817
185.83994862939997,-24.840670401719997,"K1III",5.658
216.00365869224999,8.24396758779,"A3V",5.93
12.208422895640002,50.96816512721001,"B9III",4.891
290.46206439322,-18.30838925039,"K0III",5.845
290.98541873994,43.38816871825,"G7IIIa",5.853
95.94202257163,4.59288236137,"A8V(n)",4.398
130.60577751422,-53.11398427158306,"B3IV",4.815
123.39269460753002,-50.19607520281001,"M1III",5.514
130.15428340004624,-59.76100474516722,"B2III",4.313
85.56331028904,-34.66781664458,"B9/9.5V",5.283
13.92666733333,-7.347148720240001,"K5III",5.85
186.34056059642998,-35.18641625437,"B9IV/V",5.707
197.4874539107,-5.53900406522,"A1IVs",4.397
109.06447157274002,-46.77453323223,"K4III",5.622
143.70596174273416,52.05147921795417,"A0Vn",4.463
11.237719033110002,-42.67655893448,"F0V",5.926
295.64170252499997,11.826581677777778,"G2Ib",5.66
44.80282615833333,21.340072783333333,"A3IVs",5.57
215.84456449274998,8.44661850144,"A0V",5.037
220.18149546561997,16.41832665586,"B9IIIpHgMnSi",4.893
225.4538372041667,-0.14029779444444446,,5.93
349.65621894028,68.11144363651,,4.87
269.77200303886417,-30.253024736304997,"M1Ib",5.17
223.30654583333333,-73.190075,,5.77
238.40299355906,-25.32713872595,,4.71
161.71341242856496,-64.38347348587473,"B4V",4.83
243.59318791511998,-33.01108820133,"K0III",5.918
193.45383256528,-60.37624162151,"B5I",5.94
181.23839412405997,-60.968253065949995,"M2III",5.96
200.56785899532,-52.18295315966,"B2Ib",5.91
205.72917245213,-41.401099737340004,"K0III",5.956
196.64617561848,-41.58844370409,"K0II/III",5.588
206.40371343302,-26.11601024983,"A0V",5.795
225.30457001518997,-38.058397734859994,"K2/3III",5.869
221.98981998367998,-26.64616979946,"B9.5V",5.764
239.41859841711997,-20.983078488889998,"B3V",5.836
229.09587775037,-22.39941430414,"K2III",5.506
214.65937733738,-18.71596258174,"ApSi(Cr)",5.9
354.59952602543996,-76.86954351672,"K0II/III",5.983
285.01485740439,-66.65361638144,"K0III",5.971
315.08951227117996,-51.2653134076,"F5.5V",5.761
359.3329547462299,-62.95659740385,"A1IV",5.943
345.99849532198,-41.47889468133,"K0III",5.796
344.89899076428,-29.462311848029994,"F0V",5.503
300.49416398695996,-13.63721529188,"A1IV",5.69
197.78700371774,-42.23290045193,"F5IV",5.772
186.6495666666667,-63.09909166666667,"B0.5IV",1.28
186.65184166666666,-63.09952222222222,"B1V",1.58
207.95916737782,-32.99467648645,"B9IV",5.98
234.84268390835,36.63682976616,"B9V",5.93
270.37484989855,21.59539009657,"G5III",5.1
146.77812565874,-65.07286187981,"B7III",5.99
7.942967499999998,54.5221944,"B8.5V",5.63
82.69628499938375,5.948367714954444,"B7V",5.76
101.55984657077,59.44182007181999,"A2V",5.99
178.227274775,-33.907975699999994,,5.47
191.57059706420708,-68.10787540935777,"B3V",4.0
226.28015445,-47.05108939722222,"B5IV",4.62
353.4884461708333,31.325287244444446,,5.95
44.56531815678001,-40.30467763811,"A3IV-V",3.18
44.56834883087999,-40.30469619625,"A1V",4.11
58.57292419497001,-2.9547332574099996,"G6.5III",4.7
82.31874510964,25.15021276718,"B8.5V",5.84
82.81055291752,3.2921333328899998,,5.74
87.40226422185,-14.483666627319996,,5.58
104.02769133073001,-14.043430901050002,"K2/3III",5.09
101.55887961083,59.44166893327,"A1.5V",5.44
173.06835202338,-29.261022131360008,"F8V",5.58
174.1456078216,-33.57005997916,,5.89
224.13356278554997,-47.87919673172001,,5.99
226.27953012499998,-47.05126153888888,"B5V",4.58
246.39632737969998,-23.44717545576,"B1V",5.05
270.3767028390399,21.59578115066,"A2IV",4.83
273.14201493675,-73.67243586786,"F5V",5.91
314.62513989351874,50.461791863676666,"B7IVn",5.96
357.20904633328,62.21451542342,"A3Ia",5.59
267.61830416694,-53.61240688232,"B2/3Vnn",5.71
42.56159860039,-35.84361756287,"K0III",5.92
302.22228643703,77.71142098602,"B9III",4.4
332.66162268209996,70.13257468439,"F2V",5.52
170.839167747065,-64.9547150914289,"B5IV",5.39
233.70060521505997,10.53885562508,"F0IV",4.14
233.70072992077996,10.53775277531,"F0IV",5.13
201.30802711151,-64.48514918642,"F3IV",5.312
25.915158204820003,50.688731423610555,"B1.5V:e-shell",4.06
344.26875859131,48.6840682288,"B4IIIpe",5.43
24.428522833333336,-57.236752805555554,"B6Vpe",0.46
127.36451439963648,-44.724812124585426,"B3III/IV",5.15
249.09401187491,-42.85886170216,"O8.5Iab(f)p",5.52
99.65681556005,-48.22018367463,"G8III",5.03
65.854433633,16.77726412056,"kA4VmF2/5IIIp",5.625
66.576929680205,22.81358040320972,"A8Vn",4.282
66.58654508539,15.61830113545,"F0V",4.48
60.20319248034,18.19400140845,"F4V",5.865
64.59671248392,21.57921915886,"F0V",5.631
66.34235197098376,22.29387108502889,"A7IV-V",4.201
66.35423019571,22.19999875489,"F0Vn",5.264
66.37243632776791,17.927906511884448,"A2IV-Vs",4.298
65.51465891589,14.077198034739999,"kA3hF2mF2(III)",5.71
69.53933588588,16.033256286420002,"F0V",5.776
69.818759146975,15.917975305087777,"A5Vn",4.665
67.66203799716,15.69187789749,"kA3hA8mF3",5.454
71.50725170684,11.705586758219999,"Am",5.346
75.77394385053,21.589961196090005,"A7V",4.615
77.43789055306,28.03046847618,"A7VAm:",5.997
84.26556487781,17.040327159060002,"F0V",5.525
101.37995320519,-30.94898047006,"B1.5Vne",5.68
272.52422378219,-30.72866675805,"K1III",5.65
148.57356275421,-45.28351317603,"B5V",5.81
106.66985883749999,-11.29401606388889,"B0.7Ib",5.7
314.6251410526443,50.461789143606175,"B7IVn+B7IV",5.9
349.77799665901,-13.458840554000002,"G8.5IV",5.18
166.33292728684,-27.293624097650003,"F3IV/V",4.912
173.08647330000002,61.082749400000004,"F4V",5.64
260.251560504735,-21.112936391930834,"F2V",4.387
109.52324549807,16.54038599479,"A4IV",3.559
292.46744136653,-26.98560541045,"K1/2III",5.49
336.6557107853308,4.393779330436666,"F7V",5.81
343.13137565518,-32.87546048931001,"A0VpSrCrEu",4.51
1.579897185462917,-49.07518645822445,"F7V",5.76
224.13355571123532,-47.87919625184999,"B9V",5.64
231.33422109391,-38.733609733799995,"A0V",4.6
233.78520144771352,-41.16675686900692,"B2IV",2.765
236.0944756286988,-41.81908836734631,"A0V+B",5.93
249.60954995647,-43.39842470052,"B2V",5.83
315.61318942771,-38.53096956789,"K2III",5.94
265.09927324399,-49.41558312680999,"F4V",4.77
257.91119191035995,-48.87339026323,"M1/2III",5.98
318.0571366964,-40.26936139017,"F5V",5.83
318.26278445203,-39.42491937233,"F6VFe-0.9CH-0.5",5.26
235.29740336214545,-44.66120602675139,"F4V",4.633
266.03626308953,-51.8340532231,"G3IV-V",5.15
230.53446116810002,-47.927792546899994,"F6III-IV",5.0
277.48640719328,-57.523141604420005,"K0III",5.74
327.06562984757784,-47.30361608148555,"G2V",5.58
272.60897375283,-62.002220050560005,"G0V",5.49
234.98559875451,-59.90833531057,"F6IV",5.95
227.81659721801998,-55.34602997552,"G1/3Ib/II",5.43
218.37486872632,-52.67951861545,"K0III",5.87
246.98893977326998,-64.0579404215,"F0IV",5.29
218.38486475619996,-54.99862197746,"F5IV",5.87
300.09622279836,-66.94942119959,"K0III",5.76
260.49782373427,-67.77066898815,"K2-III",4.78
284.23762080635,-67.23349478091,"G5Iab/b",4.4
330.8402234423433,-56.785978554364995,"K5V",4.69
223.14691149792,-63.80982131411001,"F8II",5.96
247.11725943877,-70.08439580831,"F9V",4.899
214.96459465449,-61.272973803119996,"A5/7mA7-F2",5.23
272.8158638523099,-75.89152322845,"K2III",5.86
322.1871894237145,-69.50538405830444,"M5III",5.62
223.306546522538,-73.1900725757835,"G7III",5.6
250.76941073843165,-77.51743314838694,"K0III",4.24
316.17942781892043,-77.02376835555778,"F6(m)pec",5.15
336.1536891218721,-72.25541339929612,"G9VFe-3.1CH-1.5",5.29
327.72734813237383,-82.71890139568454,"G8/K0III",5.29
186.87031943213998,-58.99177100322999,"M4/5III",5.5
352.01577299963,-87.48221293608,"K2III",5.49
317.19526487582993,-88.95649953627,"F0IV",5.42
176.6284285025679,-61.178399611954156,"G5Ib/II",4.1
7.889259602566249,-62.96559275413723,"A3IV",4.514
169.818473090975,-64.5824900939661,"F5V",5.99
166.70781443137,-70.87794636938,"B3IV/V",5.57
171.42976914742206,-63.97247704278639,"F7V",5.17
174.53028989032,-61.82653122357,"ApHgMn",5.14
174.25218495737,-61.28344338680999,"K0III",5.15
173.73687790279,-49.13648476026001,"K1III/IV",5.5
8.6159649977,-52.37309151753,"F6V",5.57
7.854087689519999,-48.80351425326,"A1Va",4.77
10.10695777976875,-59.45460181939334,"G0VFe-0.9CH-0.4",5.9
10.67479064874,-60.262806562630004,"K3III",5.98
141.03843482703,-80.78687709145,"F3/5III/V",5.36
126.08286124437,-80.91422709735,"G8III",5.69
84.29119518613084,-80.46912070924,"G0V",5.67
141.77629204506,-71.60189424922,"K0/1III",5.47
154.77113561792325,-64.67625764806544,"A1V",5.67
156.2475745576,-58.57630226122,"F2II/III",5.93
159.68748437816,-59.182995750139995,"K4/5(III)",4.87
161.7394725148058,-56.75719191608555,"B5III",5.23
83.68659149077,-73.74127806196,"M2/3III",5.85
92.56030242653,-74.75304398106,"G7V",5.069
154.65795220498,-56.11039361256,"F6V",5.8
157.84092029716916,-53.71548360761639,"F9VFe-0.8CH-0.7",4.89
25.62214382373,-53.74083095924,"F9V",5.52
52.34448925269125,-62.937528939337504,"F3IV/V",4.7
104.96056281194,-67.91644452569,"K3III",5.17
96.36929452899001,-69.69030000159,"G8III",5.38
137.74202206644335,-58.966900555078894,"B2IV-V",3.4
133.76186707720834,-60.644609514066666,"B8II-III",3.8
40.16505561463,-54.54991191877,"F6V",5.21
65.47219057514,-63.38639076357,"G8III",5.24
132.90214974199,-57.63357560202,"B8III",5.59
122.25265382019748,-61.30237386073695,"F6VFe-0.8CH-0.4",4.742
134.8507569791233,-59.083711773961944,"F4V",5.16
144.3027164362565,-53.66850944287418,"A2/3V",5.467
40.63944444959251,-50.800293093935,"F8V",5.4
88.52522743824083,-63.08978028735111,"K2III-IV",4.66
119.90642627724,-60.58706218006,"M1.5IIb",5.18
143.43557863939196,-49.00507612732815,"B5III",5.12
130.0733305508675,-52.921909895522504,"B3/5(V)",3.63
64.00661092702,-51.48664797621,"F1V",4.2
39.9498970861,-42.89181086204,"A1Vb",4.75
101.82795129716001,-55.53999000123,"K5III",5.61
102.48403810537876,-50.61453869751139,"K1III",2.93
98.7440832478354,-52.975609280170005,"A0II",4.4
88.70871381838,-52.63548061132,"F1V",5.29
79.84222921431,-50.60596716578,"F6IV",5.45
114.57586847574,-48.60143459937999,"F7Ib/II",5.658
122.99986135138002,-46.64434951026,"F7Ib/II",5.76
107.69784493863001,-48.93209711515,"K2III",5.09
115.73789834720458,-45.17311541363444,"G8IV-V",5.04
130.07989894328,-40.26387124206,"kB8hA0III(CrEu)",5.22
292.9430076608333,34.452968734166674,"B3IV",4.72
257.00859037168993,35.93518867109999,"kA5hF0VmF2",5.39
259.33153256206,33.10010232779,"B2V",4.8
271.9562610383799,26.09733280848,"A3V",5.79
311.66458259985995,16.124293954090003,"K1IV",4.25
252.39440798503998,13.261137624720002,"A1V",5.91
279.11597611864,9.12249158587,"F5III",5.39
253.50196471632205,10.165361384452224,"B8V",4.38
281.36818422654176,5.500123348887871,"A1V+A2V",5.83
284.06100425853,4.202127620450001,"A5Vn",4.98
232.15932091851997,1.8420796482300004,"A6III",5.17
236.52348552778,-1.8041903729800002,"B8IV/V",5.39
294.44715784154,-4.64764028272,"F5Vm",5.68
237.81496656670913,-3.090506257276667,"A2IV-Vn",5.1
298.65688526334,-8.22728931729,"B7Vn",5.71
280.56844541004,-9.05255247835,"F2II-III",4.71
243.90529281485533,-8.369439479286111,"G2Va",5.5
297.6949325759,-10.76350929441,"F5VFe-1CH-0.7",5.39
308.0987278739467,-9.853384505661388,"G2.5IV",5.65
303.10779404371,-12.6174975276,"F7VFe-0.5",5.85
278.180508689005,-14.86566172224111,"K3-Ib-IICN1",5.51
264.40084624254996,-15.571033054219999,"F0IV",5.94
295.8897821816462,-15.4700211537394,"F6IV-V",5.49
306.83000777046,-18.21169400823,"B3/5V",5.14
240.08181506569753,-16.53341207649778,"F8V",5.45
284.00280796656,-23.17375324475,"B5/7III",5.93
272.93055316182,-23.701231598440007,"K0III",4.98
270.71291093894,-24.28246728687,"F2II-III",5.34
259.50283457924,-24.286902213380003,"G8III",5.11
298.95984395829544,-26.29935924974028,"G5IV",4.7
238.40299500192566,-25.327141311417428,"B2.5Vn",4.59
291.26684362094,-29.30935774853,"K3III",5.93
301.08163754481996,-32.05629631122,"K1III/IV",4.99
314.19721527296997,-26.2963778693,"F6V",5.7
268.08233896457,-34.41684179057,"G8/K0III",5.85
268.47822134458335,-34.75271816055555,"B9V+B9V",5.96
254.29656171654,-33.25949228849,"K5III",5.49
262.6909880116666,-37.295813475277775,"B2IV",2.65
263.40216718438023,-37.10382355111976,"B2IV+DA7.9",1.63
252.96761814529,-38.04739946400001,"B1V+B",2.98
256.58412294769,-37.2275917932,"A2IV",5.98
293.53535668942993,-40.03463958873,"A2V",5.91
253.645854299862,-42.36131583630056,"K3III",3.62
220.80646373258,-24.99775323138,"A0IVe",5.73
222.49332717556,28.615831434129998,"A4V",5.8
214.75373205315708,-25.815424952751393,"F9VFe-1.5CH-0.7",5.87
213.1917622880594,-27.2611855887304,"K2III",5.08
213.41995871996,-0.84546405727,"F6V",5.9
208.30224287385,-31.9276195534,"B5IVp",4.73
209.62977651059623,-24.972252276007502,"B8V",5.15
210.00050295778,-25.010404569209996,"F6V",5.77
204.20188933415997,-26.4951973676,"A7III-IV",5.78
198.5453964623,-19.93094566955,"G7IV",5.33
198.99487862085456,-19.94310036219417,"K1IV-",5.22
198.01476328105957,-16.19860296918417,"F5.5V",5.04
189.19730917958998,-5.83190054517,"A3V",5.88
188.44478559847457,-9.452077370639444,"B9V",5.48
186.07728709571998,26.098589278830005,"A3V",5.18
185.0448769889575,-22.175718029969726,"K0III+F/G",5.97
182.10340531836871,-24.728875596671113,"F1V",4.01
182.76599584003998,-23.60242106565,"A1V",5.47
177.92337025538,-30.834807428379996,"F9V",5.85
173.62286018472832,-32.83133966483639,"K0V",5.98
172.26717480415644,39.33697552840205,"A2V",5.354
170.84117277756457,-18.780035593582223,"F5III",5.09
166.4898749742,-27.28785353011,"B8V",5.71
169.78285880943,38.18559331537,"A2V",4.8
163.37305094078,-20.13872945562,"F6V",5.24
163.90331907809252,24.749717296514444,"A1",4.32
160.83717038731749,4.747665693747961,"K2II-III+K1II-III",5.79
161.71689424196,-17.296874922939995,"A3V",5.44
159.1349247342176,-12.2301222334051,"F8V",5.71
151.98451569501,-0.37167036849000007,"A0III",4.49
154.53162472613,-28.99199866209,"B9.5Ib/II",5.53
148.55132004203,-25.932330043420002,"K2+IIICN0.5",4.88
145.5600675122075,-23.915567234340557,"F9V",4.94
144.2912211829,-32.17867706636,"K1III",5.63
143.08503611337,-19.40030458989,"A4III",5.74
141.82671876496,-22.343727089549997,"K2+IIIb",4.69
142.88769056059,-35.71474927048,"K3III",5.87
143.55575768679,36.39755806204,"G7.5IIIb",4.6
142.28721402546,-2.76893945431,"F5V",4.6
137.39820723956,-8.7876484712,"K0II/III",5.46
321.44593787311,36.66738449535,"B0.2Iab",5.94
10.27993575215,39.45866375301,"G7IIIa",5.33
23.569249902839996,37.23716473317,"B9IV",5.91
338.96784479346,39.63432965938,"B1Vne",5.69
320.2085554801046,32.452216945441094,"G8IV-+G5IV",5.68
5.280286413320001,37.968605456960006,"F5IV-V",5.18
357.4206646338399,36.425281491869995,"G1IIICaIIem",5.9
30.913939459048862,25.935475817426866,"F8V",5.694
322.24905286693996,22.179439153179995,"M4.5IIIa",5.95
353.3670539945046,22.498780708390562,"M5III",5.42
39.87065353077333,0.32850866536999995,"B2IV",4.07
357.36447579926,1.0761290253600002,"A3III",5.7
40.308321656748184,-0.6956623527493185,"F7V",5.71
19.951232894636902,-0.5090315111110926,"G8IV+A(8)",5.87
337.20794519724916,-0.019942847221622,"F2V++F2.5IV-V",3.65
44.92150100322,-2.46495614799,"B9V",5.55
33.19808895135083,-2.393629617801944,"F8V",5.66
44.67531458481001,-2.7828970695,"A0V",5.23
343.79567347152,-4.98790253869,"K1III",5.757
348.89273927162,-3.4963784075700004,"A2V",5.55
18.60016956670833,-7.922825823770556,"F5V",5.13
26.496916005279996,-5.73329954049,"K5III",5.34
328.32404351892876,-13.551768528864722,"F2V",5.08
343.68945788066,-16.27195728137,"K2.5III",5.56
12.004437524169997,-21.72252630398,"B9V",5.57
5.442802656948749,-20.058024649999716,"M5-6Se",5.74
340.89680519415367,-18.83037508142056,"K3III",4.69
338.67348244207994,-20.708215810270005,"F7V",5.203
341.88801429305,-19.61337475135,"G8III",5.26
24.71578563028,-21.275384863399996,"F0V",5.58
11.54898309319,-22.522102943590003,"G8/K0III",5.5
7.594396164079998,-23.787681502839998,"A3V",5.19
29.16751091884,-22.5267846855,"K3III",4.85
346.6701988318,-23.74299001927,"G6IIIb",4.47
317.14010425733994,-21.19367070845,"A0Van",5.316
44.34902727981,-23.86216557161,"A5IV/V",5.45
333.57813030887,-27.76690635129,"B7V",5.43
337.4418930886079,-27.1072617447126,"F0V",5.95
340.09293829008,-30.658869780869995,"K2/3III",5.89
30.31134527755,-30.001830353680003,"G8III",5.35
332.53658414455214,-32.54840841508611,"F6V",4.92
11.05041263631,-38.42168172442,"K1III",5.96
347.5405641722999,-40.59154645425,"M4III",5.97
133.88153007049,-27.68184821239,"A3IV",4.89
346.71971026132354,-43.52035714808552,"kF3VhF5mF5(II-III)",4.332
124.59977903433628,-12.632171440980558,"G8:V",5.95
122.66594003271,-13.79920609295,"F6.5V",5.54
118.88097190684003,8.862839243540002,"F3V",5.8
115.92470427613999,-40.93374644967,"K1III",5.17
116.14237358080999,-24.67407959136,"B2II",5.6
110.7529056533,-31.923778454200004,"B3V",5.43
110.88289619022001,-32.20206558214,"B2/3II/III",5.39
111.28464744031,-13.751976989790002,"F5VFe-0.8CH-0.5",5.78
111.93482220727002,21.44527902503,"F3V",5.24
107.42926524638001,-25.231033599570004,"B2V",5.69
107.96608530415293,-0.4927671698652778,"A0IV",4.15
103.94553360331,-22.94144259612,"B1III",5.3
102.45765099086,16.202884085560004,"B9III",5.87
101.63506049598,8.58715760726,"B3V",5.92
98.76411480246001,-22.964795416690002,"A0III",4.5
99.92775220839002,-30.470490529950006,"K1III",5.71
100.60136351493875,17.645301800167225,"A2V",5.21
96.31894281668542,-0.9458829010630554,"F9V",5.9
94.7457309147,-20.92560975438,"B3II/III",5.8
93.89277138291,-0.51218910407,"F5V",5.65
91.73963673256,-21.812298207130002,"M3II/III",5.78
92.54334974939,-40.35379068446999,"M2II/III",5.58
87.40226063098085,-14.483666357801503,"G8III",5.49
87.62045167155,14.305607111699999,"G9III:",5.52
84.43590678983,-28.68969025261,"F5V",5.31
84.65822320099,-6.573957489900001,"B1.5IV",5.96
85.21131486296083,-1.128787523605,"B3V",4.95
82.43325837302,-1.09223842622,"K4III",4.71
80.11214492073,-21.23976350005,"A0V",4.729
80.44272715779314,-24.772983793449605,"G8/K0II/III+A2/3",5.06
78.85155090608,-26.943508125440005,"B9V",5.04
80.85010226032,-39.678419323330004,"M2III",5.77
79.40162639920332,-6.844407440375556,"B6III",3.59
77.08412797768,-8.66532542399,"B8III",5.78
79.56540513634,42.79211019611,"M4III",5.65
77.93896562638378,1.0370288558333296,"A2/3V+KIII",5.89
76.98097899049,21.70481926894,"B2Ve",5.92
73.22362244212168,-5.452696320709445,"A9IVn",4.4
71.37563095050251,-3.2546598112747223,"B5IV",4.0
72.15160452141166,-5.674043816050556,"G2IV",5.77
71.90121542891,-16.93445568682,"G2.5IV-V",5.5
65.16255445133,-20.63962253168,"A0V",5.38
61.997570467690004,17.33989787006,"K5III",5.94
60.38352958603999,-1.54965864491,"B5III/IV",5.28
60.65310113313001,-0.26892220032,"F7V",5.38
61.40598331979,-27.65180715482,"F0IV/V",5.59
56.71203049437417,-23.249722802974723,"F5IV-V",4.2
56.983501384149996,-30.167882791169998,"G6III",5.54
56.12712710951,-1.1630909663,"B7IV",5.25
54.75465214655999,-5.62621343943,"K0IV",5.96
49.510793707190004,-28.797064252579993,"F3V+A8/9",5.93
45.40678699376875,-28.091492720090276,"G9:V",5.85
50.5495559739,27.60755427903,"G5III",5.52
46.06882035123,-7.600855117179998,"A5V",5.3
136.35039524819,48.53031556773,"F6IIIn",5.95
195.18208122536515,56.366336161735994,"F2V",4.93
202.11285827038998,59.94578694002,"A1Vn",5.4
234.64251988423996,50.42323656495,"G8III",5.84
112.21452940925,48.18393892766,"B9IIIpSr",5.71
138.58559181927,61.42331696219999,"G0V",5.18
108.34749862674,51.42874481137,"M3III",5.5
252.30924255689322,45.98332279092482,"A1VpSiSrCr",4.823
96.6076526271,56.28509618363999,"kA3hA7VmF2",5.54
94.478423530395,61.515286595788055,"M3III",5.05
66.76223020616,80.82415999827,"G6III:",5.43
46.53266889574999,79.41853528542,"M2.5III",5.52
283.30646246503,50.70822056539,"G7IIIaFe-1",4.92
281.67953816947,52.98795963517999,"B3+F5III",5.9
286.22985600081,53.39665579878,"A0Vn",5.38
68.00767611710414,53.910845826805435,"B0III+B0IV/V",5.772
291.85816376191,52.32043826877,"A1V",5.75
64.80505539344,50.04870838827001,"A7IV",5.4
58.41123878316,48.65049684352,"K0III",5.76
311.09188212329,56.48840519682,"M3III",5.95
52.01279483428,49.06286827886,"B5V",4.97
25.832319459000004,60.55133247547,"B8IIIn",5.76
50.804987735999994,49.21327078277001,"B5V",5.3
325.5235860829083,51.18962768180972,"B3III",4.66
319.86979351983,49.51029453286,"B6V",5.74
35.24250643037,50.15149589561,"B9VpSi",5.59
326.69837408038626,49.309570627924444,"B2.5III",4.18
354.78471522488,50.47173264877999,"B9Ve",5.35
330.7360861557611,44.64986136302771,"B9.5VpCrSiSr",5.596
219.9020833333333,-60.83397222222223,"G2V+K1V",-0.1
343.13007123016,-32.87575879603,"F5V",5.023
107.17654279512,-70.49709075274,"F0/3",5.623
249.0830416666667,-2.3203055555555556,,5.755
269.175,-28.05,,5.75
269.175,-28.05,,5.75
270.475,-36.36666666666667,,5.9
270.475,-36.36666666666667,,5.9
268.425,-34.75,,4.89
269.425,-39.13333333333333,,5.72
269.425,-39.13333333333333,,5.72
253.0,-38.03333333333333,,2.51
254.27499999999998,-40.93333333333333,,5.98
259.7,-42.916666666666664,,5.38
253.4,-42.083333333333336,,5.94
250.94999999999996,-41.11666666666667,,5.41
11.439970539640003,-47.551984068669995,"G3V",5.794
17.09255597528,5.649850695019445,"F2V",5.501
184.09583333333336,14.843333333333334,"A3",5.1
332.24583333333334,-18.51972222222222,,5.84
129.5547083333333,20.44075,,5.832
99.87500000000001,13.116666666666667,"A2V",5.97
92.67500000000001,13.633333333333333,"B1III",5.65
91.85583333333332,-6.007777777777778,,5.3
247.35083333333336,-26.430833333333336,"B2.5V",5.2
233.15292103366,-19.670458435149996,"A2IV",5.52
300.08437236721585,-33.70345127038028,"F7V",5.66
12.5316206769625,-10.644328847899445,"F7V",5.19
281.09491254869,39.612714602610005,"A6Vn",5.23
129.78291113041624,-22.66189675776222,"G3V+K0V",5.17
129.78293689166668,-22.661855466666665,"K0V",5.29
97.45443099166667,-50.239084577777774,,5.93
189.00429894232997,-39.86950568483,"A0V",5.774
97.16351047935176,-32.37127735083305,"B3Ve",5.74
326.0357430466654,28.74262986181361,"F7V",4.7
61.751903974719994,29.00130813185,"F1V_(dD)",5.2
68.65830329767,28.961150543489996,"B8/9",5.9
257.59432,-15.725182199999999,"A3(V)",3.26
121.19607864570001,79.47961384277,"B9.5IVs",5.387
161.69310456666665,-49.41989513611111,,5.58
190.37923070833335,-48.959576850000005,"A0IV",2.88
132.8933742054533,-7.1772241503375,,5.73
259.152864325,-0.4453107361111111,,4.79
300.5059724041667,24.938037241666667,,5.79
355.99785532465,29.361455596400003,"G8IIIb",4.96
116.01740827176002,50.43379383916001,"A0IIIn",5.36
292.68035069583334,27.959692797222218,"K3II",3.2
17.375635799999998,47.24172966111111,,5.62
298.90745241637,52.43893901575999,"A4Vn",5.02
359.75224287973,55.754929487000005,,5.01
297.04312691249,70.26793029824,"G7IIIbFe-1",3.91
103.27103524374999,59.44854219138889,"G8III",5.38
46.36120079989791,25.255173792499946,"B7Vn",5.47
75.07641520227,39.39470533263,"F5V",5.97
90.46009134352,-10.597930867360002,"B5III/V",5.01
78.30782095595,-12.94129245532,"B7V",4.44
112.00864519024,6.94197060764,"F0III",5.22
114.34211001666668,-34.968537616666666,,4.83
114.93256487363001,-38.1392981022,"B5V",5.77
133.56138342917,30.57912066683,,5.97
114.57519106767833,-25.36480577034306,"B8III",4.67
330.20926890387994,-28.45373851649,,5.72
35.63579362031,-23.81679996198,"G0V",5.198
163.92665044107414,0.736919270818611,"F3/5V",5.93
166.25428253551706,7.336006702587223,"F2III",4.62
171.2205150667429,-17.684011879005833,"A7V(n)",4.06
174.66674200322,-13.20193923808,"F6.5V",5.48
206.48466086666667,-12.426535436111111,,5.57
217.04344677625332,-29.49163799299278,"B7/8V",4.97
276.33766429256,-20.541672835259998,"K1/2III",4.86
241.90173054488,-12.745406814879999,"B9V",5.77
314.22511066351996,-9.697541798980001,"K4III",5.48
285.7270877195597,-3.6989689105339,"B9IV",5.4
252.85386752907965,1.2159465283299997,"A0V",5.51
289.63539823629,1.08512820845,"K1II/III",5.28
311.95138751422,6.00820866671,"A0V",5.64
311.66192102518,16.124128271850005,"F8V",4.96
231.1875701240567,-39.71025306968445,"ApSi",5.37
244.93515332506078,46.31336170425528,"B5V",3.87
224.79035390916664,-42.10419636638889,"B2IV",3.11
227.2108868772291,-45.2798613832426,"B3V",4.05
260.52448185248994,-70.12320626722,"B8/9V(n)",5.39
183.51123920263998,-45.72391629239,,5.6
336.8331794778799,-64.96636020576,"B9Vn",4.49
180.75625269311038,-63.31292865802249,"A3(m)A8-A8",4.32
179.90659215416665,-78.22181923888888,,5.33
97.9929587972,-58.75383649343001,"B9IVn",5.64
125.63205413750002,-48.490385902777774,,5.17
132.63941926255,-46.52918758520001,"B1Ib",5.11
233.2324295,31.359143102777782,,4.3
298.36539882994,24.07961337185,"B9.5III",4.64
286.85659139964,32.50176020348,"F0V",5.22
49.55341201004875,-62.506362419731104,"G1V",5.228
116.39550522585002,-34.172551562867774,"F9V",5.362
301.0259198680087,17.070187932333607,"G0V",5.788
63.59869957523,-10.25628346171,"K2III",4.9
146.77550706492468,-65.07200742206864,"A9",2.99
165.93166186666667,61.75087308611111,"A7.5",4.86
221.24673982578958,27.074222319675556,"K0-II-III",2.45
230.84440329999998,-59.3207022,"B3/4V",4.96
233.78516162916668,-41.16679195,,3.48
233.7849104291667,-41.16676775,,3.51
235.68570560833334,26.295634380555555,,4.05
235.68585517083332,26.295557416666668,,5.56
264.3297077207907,-42.99782799333082,"F1III",1.85
289.4318141273,23.02553938953,"B1IIIn",5.43
16.521032120833336,-46.71840400277778,,4.09
16.521230312500002,-46.71849868611111,,4.0
24.035445631073337,-29.90730306533167,,5.93
249.05717216729,52.92442287864,"B9V",5.39
258.66188642083335,14.390371047222223,"M5Ib-II",3.33
85.18988002916667,-1.9432186222222223,"O9.5II-III(n)",3.73
169.54515004808545,31.529117136365,"G2V",4.77
38.46125624119999,-28.232337658359995,"B9.5IV",4.96
197.49702288333333,17.52940456944444,"F5V",4.8
284.05494665111996,4.20360613639,"A5V",4.57
221.75539025388997,-52.383517263369995,"G8III",5.22
312.12146967118,-43.98848405998,"F2V",5.1
13.16926911876,-24.00584308982,"K1III",5.48
164.8072577704,-33.73759317682,"F2V",5.73
188.67663983669,-44.67301874247999,"G3IV",5.76
101.34558497344791,-31.793648113924167,"F6.5V",5.916
321.75676261730996,-42.54793223314,,5.58
341.87112147264,83.15382875035,"K3III",4.78
334.56505581390456,-53.62707411291,"G0V",5.39
246.39632358927884,-23.44717083027709,"B2IV+B2V",4.63
85.18969642916667,-1.9425723222222224,"O9.2IbvarNwk",1.9
143.43557131561,-49.00507516936,,5.56
265.4920968238599,72.15690156364,"F8V",5.53
265.48359320893996,72.14886878277,"F5IV-V",4.55
18.43285834319,7.575359937449999,"A7IV",5.19
72.73054023498,-53.46153586537,"F0V",5.57
343.7956702875,-4.987897972222222,,5.92
18.94203792959625,-68.8759448102925,"F6V",4.95
246.16572545356996,-29.704662532259995,"F9IV",5.82
127.28152960369806,-44.1604142847208,"B2/3V",5.84
188.01761000770082,-16.196005170938612,"F2V",4.294
273.4743033607241,64.39728493338667,"F5V",4.987
81.11923920093793,-2.3971469508627776,"B1V",3.59
83.80519446944,10.24007744287,"B9IIIp",5.638
108.06586250894,-40.49882093915,"A1/2V:+ApSrEu",5.31
142.11421045000003,9.05677501111111,,5.62
158.75900172533,8.650431244539998,,5.79
268.34777338333333,-34.89515035833333,,5.73
198.81223044841164,-67.89459139138917,"B7III+B7III",4.78
121.98247699144,-68.61706463606,"B5III",4.398
310.26059256293996,32.30728852227999,"G8IIb",5.638
133.14425827925,32.47415912243,"A8Vam",5.664
200.98142616882203,54.925359883302775,"A1.5Vas",2.22
18.70488541865,-0.9737944361799998,"F3V",5.69
39.15799555273999,12.44763177214,"F7V",5.64
321.33145356711,46.71434132316,"F0V",5.58
59.28453971765,61.108885040720004,"K4III",5.05
51.12376214336,33.53592986883999,"A0V",5.8
297.6866706874999,-59.193667094444436,,5.61
63.70227199244001,-62.19181127873001,"K0III",5.46
177.96343433668,-65.2059101232,"B4V",4.99
338.8390890307466,-0.11749740658833335,"B8/9V",4.03
79.71030371590459,-18.130051521305,"G0V",5.96
137.19721272947206,26.62911589946861,"G5IV-V",5.95
258.899592215718,-38.5939358057704,"G0V",5.95
169.54542151666666,31.52916086111111,"F8.5:V",4.25
6.5710475153919266,-42.305987194396046,"K0.5IIIb",2.38
44.1090488610469,18.0232403301703,"F6V",5.58
203.2419649669108,-10.164998630117777,"G8III",5.21
276.80211694234,0.19611350428,"A0IV",5.32
346.72343704166667,-38.892290969444446,,5.7
97.69628162561209,58.162633282470274,"K0.5IIIbFe0.5",5.855
65.59470724743,20.821413166090004,"M0III",5.95
108.54520868833,-3.9017781183799998,"K5III",5.94
328.797475722181,-61.886609630460725,"F0(V)+F5(V)",5.96
353.4882783708333,31.325278644444445,,5.51
50.68850556107834,20.742067186762778,"K3III",5.13
89.72180773749999,12.80826614166667,,5.97
87.51119056756583,9.871214910031943,,5.86
33.92823592259928,25.043045201195,"F6V",5.58
276.0429933505963,-34.38461648586744,"B9IVp_lB?",1.81
285.6530426563352,-29.88006330096877,"A2.5Va",2.59
216.54505741968393,-45.379278405963014,"F7",4.35
127.87884959048625,-19.577462474403198,"B9.5IV/V",5.43
198.34730363792306,-50.69982629354853,"B9.5V",5.9
146.3117154353821,-62.50790286462888,"G5Iab/b",3.75
100.24441512044264,9.895756366805493,"O7V+B1.5/2V",4.68
347.3810724270833,8.677156565,"M4S",5.14
176.99639978699486,20.21893056098724,"F8III+A6III",4.52
313.1634618649296,-8.983327394804169,"A3II",4.72
295.2090977350229,45.52494115159139,"F5II-III",5.06
143.08032264364084,-40.649337062576116,"G8III",5.4
254.89150059603918,-69.26815927136138,"ApSi",5.89
252.1662295073803,-69.02771184691984,"K2III_Ba1",1.88
95.07830016583333,-30.063366733888888,"B2.5V",2.99
60.44223793333334,9.998017161111111,,5.81
355.28713452859125,-11.680651423855554,"K0III",5.92
277.20774737590614,-49.07058832071611,"K1III-IV",4.11
8.811998673643325,-3.592843523288128,"F7V+G4V",5.21
21.085425570416668,-6.9146592983333335,"F4V",5.92
41.23557227441292,10.114144927239167,"A9IIIp",4.26
102.04772968012593,-61.941389121171916,"A8VnkA6",3.23
104.39131738323,-24.63082474650444,"F3V",5.47
204.8942338748357,10.746272975071848,"F0V",5.58
263.74843642673125,61.8745116216536,"G0V",5.21
299.9470011793077,-9.958231787526,"F9V",5.87
311.338038584707,57.579716517845,"F8IV-V+F9IV-V",4.51
181.1620237083333,-68.32891126666667,,5.52
229.15287394189914,-60.9039999958075,"B1/2Vn",5.81
111.78329130113083,-17.864863676730838,"F2V",5.62
135.4356435541667,-52.18868917499999,,5.57
53.44698288227083,-21.63288447691278,"B9V",4.25
81.11971258399294,-2.3970309594666666,"B2:",4.89
341.0217364720908,39.4653479418525,"K5III",5.99
254.00704653971044,65.13480466274389,"F8V",4.88
246.9507221339408,-8.371782117432224,"kA2hA5VmA5",4.63
139.10693927784,-67.47656533389,,3.27
236.97105381673708,-65.44228015851039,"A5",5.53
163.42532686976324,-70.7203375395986,"B6V",5.99
220.28729823076685,13.728304629385853,"A1V",3.78
154.31057644672916,23.106217830666946,"F6V",5.82
30.97480120653972,42.32972842352701,"K2+IIb",2.1
210.95585562281522,-60.373035161541594,"B1III",0.58
210.95545783333336,-60.37318300555555,,3.95
264.32796517083335,-42.996560986111106,,5.4
195.56773571432208,-71.54885898133195,"K2III",3.61
85.18969442793068,-1.9425735859722049,"O9.7Ib+B0III",1.77
270.7704996784285,-8.180349610692598,"F3IV",4.79
260.92060052375,37.14594279138889,"A0III+B9.5IVn",4.17
286.6046255931351,-37.06344170144111,"F8V+F8V",4.21
157.98749999999998,-45.06805555555556,,5.16
44.80302231581191,21.34043263555175,"A2IV+A3IVs",4.63
58.57292416856885,-2.9547342990259793,"G8III+A1V",4.45
226.28014567631791,-47.0510636022725,"B5",3.89
230.80127230988052,30.287825023864578,"G2V+G2V",4.98
265.48749999999995,72.15277777777779,,4.58
292.68031501400833,27.959673631221666,"K3II+B9.5V",3.08
95.9425,4.595555555555555,"A7IV+F4V",4.31
27.535707669087547,22.275336097910902,"G3III+A3IV",5.86
113.57756940422239,-23.47366501190531,"F5V+F6V",5.09
241.09222739999996,-11.3731039,"F7V",4.17
330.9477291109317,64.62797577182414,"Am+F7/8V",4.29
57.14948850603648,-37.620150403529834,,4.27
72.72791666666666,-53.45611111111111,,5.23
113.64947163976585,31.88828221646326,"A1V+A2Vm",1.58
125.62848024272952,-59.509484191917416,"K3:III+B2:V",1.86
197.49702168569598,17.52945526166217,"F5V+F6V",4.32
215.84456360244283,8.44662086953924,,4.87
246.16572412183484,-29.704658134438873,"G0",5.41
271.70788799921274,-43.42522122291105,"A6V+A7V",4.95
312.9104533595639,-62.42932811555763,"A2III+A3III",5.65
113.65041855,31.888491991666665,"kA0hA2:mA1IVs",3.0
113.64942845,31.88827619166667,"A1.5IV+",1.9
22.091369520270838,-43.31823473917167,"M0III",3.42
184.53988528483998,-3.9487807220699995,"F1VkF2mF3",5.99
190.41511762006294,-1.4494039524575002,"F1-F2V",2.74
185.3400338906829,-60.40114813057249,"K3III",3.57
220.91432322798374,-35.173668576684165,"K3IIIb",4.04
240.88370589638575,-57.775073363780436,"A5IVs",4.67
347.1704563865422,2.1278766203036,"G6IIIb",5.43
215.65447087458335,-58.45911648111111,"G9III",4.94
215.04042352852207,-43.05884290942555,"G8III",5.66
246.13230995376995,-37.56604457859,"B8V",5.42
126.99758954694998,-35.11374922037001,"B2V",5.73
141.94493532083334,-6.071213930555556,,5.56
284.8491750933334,-12.840517751666667,"B3/5V",5.51
295.2730346245833,13.815680614722224,"B5V",5.99
83.17229587364,-1.59183206871,"B1IV",5.34
139.35504113192752,-74.89427945755862,"A1V",5.32
184.37739110972913,28.937191901623894,"kA3hA6mF1",5.7
205.16862176104996,19.95571831173,"A1V",5.76
343.1003102546021,9.835665116018335,"F6V",5.16
92.57461867599751,-54.96864290893555,"B1/2(III)n",4.72
213.37086532986,51.78996745846,"A7IV",4.5
296.84693998883,18.534313571179997,"M2II+B0V",3.81
150.25273698433085,31.923670281899167,"G3VaHdel1",5.37
292.6803949,27.959617002777776,"B9.5V",5.15
34.32861363899208,33.84719681816611,"A1Vnn",4.0
154.9931435916667,19.841488666666663,"K1-IIIFe-1",2.23
75.35977409316334,-7.173964786441112,"B3IV",4.78
289.11164203439,14.544611860630003,"B9.5V",5.67
329.4796203652821,-54.992598152250835,"F0IV",4.39
